[{"image":"----1-_jpg.rf.00596dcf9d261fa5b5ba2cbed23d35b1.jpg","annotations":[{"label":"Glasses","coordinates":{"x":12.5,"y":160,"width":25,"height":94}},{"label":"Glasses","coordinates":{"x":120.5,"y":392.5,"width":123,"height":45}},{"label":"Glasses","coordinates":{"x":338.5,"y":357.5,"width":153,"height":115}}]},{"image":"images--10-_jpg.rf.03bbb589c4302c8ebcba445e6b482105.jpg","annotations":[{"label":"Glasses","coordinates":{"x":106.5,"y":168,"width":131,"height":44}},{"label":"Glasses","coordinates":{"x":80,"y":60,"width":78,"height":120}},{"label":"Glasses","coordinates":{"x":271,"y":85,"width":171,"height":86}},{"label":"Glasses","coordinates":{"x":72.5,"y":392.5,"width":145,"height":45}},{"label":"Glasses","coordinates":{"x":234,"y":265.5,"width":120,"height":67}}]},{"image":"images--6-_jpg.rf.0825286333f7b5fe4791b3057d9ac57f.jpg","annotations":[{"label":"Glasses","coordinates":{"x":173,"y":177,"width":60,"height":134}},{"label":"glasses","coordinates":{"x":325,"y":117.5,"width":152,"height":63}},{"label":"Glasses","coordinates":{"x":221,"y":355,"width":54,"height":118}},{"label":"glasses","coordinates":{"x":374.5,"y":381,"width":81,"height":68}}]},{"image":"----5-_jpg.rf.0309f49592b09de5be7d0fc8d405c088.jpg","annotations":[{"label":"Glasses","coordinates":{"x":31,"y":205,"width":62,"height":84}},{"label":"Glasses","coordinates":{"x":51.5,"y":22.5,"width":103,"height":45}},{"label":"Glasses","coordinates":{"x":323.5,"y":225,"width":163,"height":54}},{"label":"Glasses","coordinates":{"x":245,"y":386,"width":124,"height":58}}]},{"image":"images--5-_jpg.rf.09be779b0decd4fb25022ad18f4da4b0.jpg","annotations":[{"label":"Glasses","coordinates":{"x":93,"y":18,"width":184,"height":36}},{"label":"Glasses","coordinates":{"x":139,"y":168,"width":110,"height":118}},{"label":"Glasses","coordinates":{"x":338.5,"y":101,"width":121,"height":77.5}},{"label":"Glasses","coordinates":{"x":135,"y":267.5,"width":118,"height":79}},{"label":"Glasses","coordinates":{"x":333.5,"y":256.5,"width":163,"height":57}},{"label":"Glasses","coordinates":{"x":348.5,"y":296,"width":103.5,"height":19.5}}]},{"image":"----9-_jpg.rf.0966a2587257f9511727f9c6038b8f70.jpg","annotations":[{"label":"Glasses","coordinates":{"x":197,"y":30.5,"width":28,"height":61}},{"label":"glasses","coordinates":{"x":366,"y":79,"width":98,"height":64}},{"label":"glasses","coordinates":{"x":167.5,"y":263,"width":87,"height":64}},{"label":"Glasses","coordinates":{"x":379,"y":140.5,"width":66,"height":49}},{"label":"Glasses","coordinates":{"x":370,"y":364,"width":90,"height":70}}]},{"image":"images--12-_jpg.rf.08a4733b8bed4d988d282601818b67c3.jpg","annotations":[{"label":"Glasses","coordinates":{"x":94.5,"y":77,"width":125,"height":112}},{"label":"Glasses","coordinates":{"x":254.5,"y":8.5,"width":193,"height":17}},{"label":"Glasses","coordinates":{"x":383.5,"y":28.5,"width":63,"height":57}},{"label":"Glasses","coordinates":{"x":217,"y":283,"width":118,"height":140}},{"label":"Glasses","coordinates":{"x":346,"y":261.5,"width":138,"height":107}}]},{"image":"images--5-_jpg.rf.02b99824d31f50e1fcbadeca239e9763.jpg","annotations":[{"label":"Glasses","coordinates":{"x":196.5,"y":221.5,"width":71,"height":87}},{"label":"Glasses","coordinates":{"x":378.5,"y":389.5,"width":73,"height":51}}]},{"image":"images--18-_jpg.rf.0ad80610edf7ccf2db53abfcfade5518.jpg","annotations":[{"label":"Glasses","coordinates":{"x":49,"y":106.5,"width":98,"height":117}},{"label":"Glasses","coordinates":{"x":204,"y":94,"width":80.5,"height":95}},{"label":"Glasses","coordinates":{"x":306,"y":89,"width":64,"height":96}},{"label":"Glasses","coordinates":{"x":225,"y":299.5,"width":96,"height":43}}]},{"image":"images--13-_jpg.rf.079bf16b688e710c3b025bedeea7da11.jpg","annotations":[{"label":"Glasses","coordinates":{"x":287,"y":11.5,"width":108,"height":23}},{"label":"Glasses","coordinates":{"x":85.5,"y":294,"width":151,"height":150}},{"label":"Glasses","coordinates":{"x":402,"y":309.5,"width":26,"height":77}},{"label":"Glasses","coordinates":{"x":223,"y":243.5,"width":107.5,"height":103}}]},{"image":"images--1-_jpg.rf.0d063405a0f45cda3c06c65b559e2c9e.jpg","annotations":[{"label":"glasses","coordinates":{"x":148.5,"y":197,"width":165,"height":36}},{"label":"Glasses","coordinates":{"x":367.5,"y":48,"width":95,"height":54}},{"label":"Glasses","coordinates":{"x":275.5,"y":28.5,"width":87,"height":57}},{"label":"glasses","coordinates":{"x":88.5,"y":362,"width":177,"height":90}},{"label":"Glasses","coordinates":{"x":357.5,"y":247.5,"width":115,"height":63}}]},{"image":"images--12-_jpg.rf.0dd7d3e6a06b9981aff149edf06f739e.jpg","annotations":[{"label":"Glasses","coordinates":{"x":80.5,"y":92,"width":161,"height":112}},{"label":"Glasses","coordinates":{"x":288,"y":155.5,"width":110,"height":103}},{"label":"Glasses","coordinates":{"x":277.5,"y":19.5,"width":131,"height":39}}]},{"image":"----9-_jpg.rf.0c1ae9920ba2859261328f52272754fe.jpg","annotations":[{"label":"Glasses","coordinates":{"x":40.5,"y":25.5,"width":81,"height":51}},{"label":"Glasses","coordinates":{"x":195,"y":70,"width":122,"height":140}},{"label":"Glasses","coordinates":{"x":198.5,"y":165,"width":115,"height":34}},{"label":"Glasses","coordinates":{"x":336,"y":161.5,"width":158,"height":65}},{"label":"Glasses","coordinates":{"x":61,"y":258,"width":122,"height":126}},{"label":"Glasses","coordinates":{"x":201,"y":350.5,"width":110,"height":33}},{"label":"Glasses","coordinates":{"x":336,"y":332,"width":158,"height":58}}]},{"image":"images--7-_jpg.rf.0e3f0db73579617bf101319418c87df8.jpg","annotations":[{"label":"Glasses","coordinates":{"x":182.5,"y":131.5,"width":115,"height":151}},{"label":"Glasses","coordinates":{"x":362.5,"y":156,"width":105,"height":102}},{"label":"Glasses","coordinates":{"x":383.5,"y":16,"width":63,"height":32}},{"label":"Glasses","coordinates":{"x":161,"y":298,"width":122,"height":92.5}},{"label":"Glasses","coordinates":{"x":318.5,"y":398.5,"width":95,"height":33}},{"label":"Glasses","coordinates":{"x":391,"y":233.5,"width":48,"height":51}}]},{"image":"----1-_jpg.rf.053b381547b922a47f58cf61f67f0839.jpg","annotations":[{"label":"Glasses","coordinates":{"x":26.5,"y":148,"width":53,"height":94}},{"label":"Glasses","coordinates":{"x":218.5,"y":101.5,"width":86,"height":96.5}},{"label":"Glasses","coordinates":{"x":382,"y":148,"width":66,"height":104}},{"label":"Glasses","coordinates":{"x":175,"y":304,"width":172,"height":154}},{"label":"Glasses","coordinates":{"x":395,"y":351,"width":40,"height":70}}]},{"image":"images--5-_jpg.rf.14d5e4b3541145753593bebebdd1611b.jpg","annotations":[{"label":"Glasses","coordinates":{"x":86.5,"y":221,"width":71,"height":54}},{"label":"Glasses","coordinates":{"x":261.5,"y":196.5,"width":175,"height":91}},{"label":"Glasses","coordinates":{"x":226,"y":107,"width":104,"height":86}},{"label":"Glasses","coordinates":{"x":109.5,"y":374.5,"width":127,"height":81}},{"label":"Glasses","coordinates":{"x":277,"y":360,"width":29.5,"height":70.5}},{"label":"Glasses","coordinates":{"x":354,"y":377,"width":122,"height":76}}]},{"image":"images--13-_jpg.rf.1ea496f8868a643f0b564e416c4993e4.jpg","annotations":[{"label":"Glasses","coordinates":{"x":107,"y":171.5,"width":174,"height":99}},{"label":"glasses","coordinates":{"x":255.5,"y":197.5,"width":121,"height":57}},{"label":"Glasses","coordinates":{"x":79,"y":401,"width":148,"height":28}},{"label":"Glasses","coordinates":{"x":233.5,"y":275,"width":77,"height":68}}]},{"image":"images--6-_jpg.rf.2692e29f49c162c84428ce962cee017c.jpg","annotations":[{"label":"glasses","coordinates":{"x":174,"y":16,"width":120,"height":32}},{"label":"Glasses","coordinates":{"x":328,"y":51.5,"width":174,"height":103}},{"label":"Glasses","coordinates":{"x":346,"y":205,"width":138,"height":20}},{"label":"Glasses","coordinates":{"x":105,"y":250.5,"width":98,"height":69}}]},{"image":"images--16-_jpg.rf.233c442ebcb69cda7e24d8f921763c2d.jpg","annotations":[{"label":"Glasses","coordinates":{"x":155.5,"y":232.5,"width":85,"height":23}},{"label":"Glasses","coordinates":{"x":127,"y":30.5,"width":138,"height":61}},{"label":"Glasses","coordinates":{"x":28.5,"y":33.5,"width":57,"height":67}},{"label":"Glasses","coordinates":{"x":362.5,"y":187,"width":105,"height":108}},{"label":"Glasses","coordinates":{"x":120.5,"y":295,"width":127,"height":100}},{"label":"Glasses","coordinates":{"x":321,"y":294,"width":188,"height":98}}]},{"image":"----7-_jpg.rf.2614107c587afddf1369ef8cff03a6d1.jpg","annotations":[{"label":"Glasses","coordinates":{"x":202,"y":153,"width":192,"height":118}},{"label":"Glasses","coordinates":{"x":357,"y":225,"width":116,"height":92}},{"label":"Glasses","coordinates":{"x":211,"y":374,"width":172,"height":82}}]},{"image":"images--12-_jpg.rf.202106bdd16611d95d24ab7c8879c372.jpg","annotations":[{"label":"Glasses","coordinates":{"x":58,"y":92,"width":116,"height":100}},{"label":"glasses","coordinates":{"x":281.5,"y":83.5,"width":99,"height":55}},{"label":"Glasses","coordinates":{"x":57.5,"y":272,"width":115,"height":96}},{"label":"Glasses","coordinates":{"x":178.5,"y":306,"width":102.5,"height":109}},{"label":"glasses","coordinates":{"x":276.5,"y":354,"width":89,"height":90}}]},{"image":"images--13-_jpg.rf.26c57969fded73fd92600d08534b05f9.jpg","annotations":[{"label":"glasses","coordinates":{"x":169.5,"y":278.5,"width":99,"height":15}},{"label":"Glasses","coordinates":{"x":329,"y":269.5,"width":172,"height":33}},{"label":"Glasses","coordinates":{"x":333,"y":52.5,"width":164,"height":105}},{"label":"Glasses","coordinates":{"x":67,"y":393,"width":122,"height":44}},{"label":"Glasses","coordinates":{"x":261,"y":370,"width":82,"height":90}},{"label":"Glasses","coordinates":{"x":340.5,"y":402.5,"width":77,"height":25}}]},{"image":"images--16-_jpg.rf.12cd89499f7c4b0db1b9eabee1626eb7.jpg","annotations":[{"label":"Glasses","coordinates":{"x":35,"y":59.5,"width":70,"height":57}},{"label":"Glasses","coordinates":{"x":224,"y":117,"width":58,"height":92}},{"label":"Glasses","coordinates":{"x":29,"y":240.5,"width":58,"height":47}},{"label":"glasses","coordinates":{"x":283.5,"y":359,"width":177,"height":112}}]},{"image":"images--18-_jpg.rf.26bf913a1e95d015d6c1f292227cba80.jpg","annotations":[{"label":"Glasses","coordinates":{"x":293,"y":106.5,"width":44,"height":77}},{"label":"Glasses","coordinates":{"x":105,"y":46.5,"width":108,"height":93}},{"label":"Glasses","coordinates":{"x":349.5,"y":123.5,"width":67,"height":91}},{"label":"Glasses","coordinates":{"x":295,"y":288,"width":40,"height":118}},{"label":"Glasses","coordinates":{"x":168.5,"y":188,"width":127,"height":36}},{"label":"Glasses","coordinates":{"x":374,"y":279.5,"width":82,"height":41}}]},{"image":"images--9-_jpg.rf.1abb54b3400a6084bedd6c864efec40d.jpg","annotations":[{"label":"glasses","coordinates":{"x":76.5,"y":118,"width":153,"height":64}},{"label":"Glasses","coordinates":{"x":208,"y":109.5,"width":34,"height":119}},{"label":"Glasses","coordinates":{"x":38,"y":376.5,"width":76,"height":77}},{"label":"Glasses","coordinates":{"x":133,"y":367.5,"width":114,"height":95}},{"label":"Glasses","coordinates":{"x":223.5,"y":348.5,"width":65,"height":91}},{"label":"Glasses","coordinates":{"x":383,"y":312.5,"width":64,"height":77}}]},{"image":"images--13-_jpg.rf.2741e519f10127e7a267085741b9973c.jpg","annotations":[{"label":"Glasses","coordinates":{"x":259,"y":54,"width":174,"height":106.5}},{"label":"Glasses","coordinates":{"x":165.5,"y":324,"width":123,"height":84}},{"label":"Glasses","coordinates":{"x":254,"y":296,"width":52,"height":28}}]},{"image":"images--10-_jpg.rf.0f0a93cf4e65753c8071f72a56afebe3.jpg","annotations":[{"label":"Glasses","coordinates":{"x":82.5,"y":106.5,"width":165,"height":133}},{"label":"Glasses","coordinates":{"x":371,"y":166.5,"width":60,"height":89}},{"label":"Glasses","coordinates":{"x":144,"y":264,"width":92,"height":82}},{"label":"Glasses","coordinates":{"x":354.5,"y":356,"width":121,"height":118}},{"label":"Glasses","coordinates":{"x":358,"y":271,"width":114,"height":34}}]},{"image":"images--19-_jpg.rf.166262b5730e2a7c43ffe10d291f7054.jpg","annotations":[{"label":"Glasses","coordinates":{"x":338,"y":77.5,"width":131.5,"height":74}},{"label":"Glasses","coordinates":{"x":158.5,"y":289,"width":37,"height":130}},{"label":"Glasses","coordinates":{"x":57.5,"y":382.5,"width":115,"height":33}},{"label":"Glasses","coordinates":{"x":378,"y":279,"width":74,"height":118}},{"label":"Glasses","coordinates":{"x":234,"y":290,"width":80.5,"height":95}}]},{"image":"images--20-_jpg.rf.0fc4c6484191a62c882fca92a0ab9f5a.jpg","annotations":[{"label":"glasses","coordinates":{"x":57.5,"y":62.5,"width":115,"height":125}},{"label":"Glasses","coordinates":{"x":57.5,"y":375.5,"width":115,"height":79}},{"label":"Glasses","coordinates":{"x":191,"y":362,"width":150,"height":106}},{"label":"Glasses","coordinates":{"x":189.5,"y":210,"width":147,"height":46}},{"label":"Glasses","coordinates":{"x":379.5,"y":210,"width":71,"height":46}}]},{"image":"images--5-_jpg.rf.291898edabab5a74b6b88c581429fc25.jpg","annotations":[{"label":"glasses","coordinates":{"x":155.5,"y":140,"width":103,"height":68}},{"label":"Glasses","coordinates":{"x":360,"y":190.5,"width":110,"height":57}},{"label":"Glasses","coordinates":{"x":231,"y":146,"width":46,"height":146}},{"label":"Glasses","coordinates":{"x":227,"y":47,"width":38,"height":34}},{"label":"Glasses","coordinates":{"x":36.5,"y":379,"width":73,"height":72}},{"label":"Glasses","coordinates":{"x":36.5,"y":252.5,"width":73,"height":51}},{"label":"glasses","coordinates":{"x":320.5,"y":387,"width":189,"height":56}}]},{"image":"----5-_jpg.rf.2d238bffa5910981892dfc7c42c890c1.jpg","annotations":[{"label":"Glasses","coordinates":{"x":195.5,"y":202.5,"width":113,"height":83}},{"label":"Glasses","coordinates":{"x":30.5,"y":181,"width":61,"height":126}},{"label":"Glasses","coordinates":{"x":199,"y":42,"width":106,"height":84}},{"label":"Glasses","coordinates":{"x":36,"y":33.5,"width":72,"height":67}},{"label":"Glasses","coordinates":{"x":321,"y":49.5,"width":108,"height":99}},{"label":"Glasses","coordinates":{"x":157.5,"y":372.5,"width":129,"height":85}},{"label":"Glasses","coordinates":{"x":306.5,"y":282.5,"width":107,"height":75}}]},{"image":"images--1-_jpg.rf.309b7ac7b63ec297ec01d1e244322bbf.jpg","annotations":[{"label":"glasses","coordinates":{"x":155,"y":120,"width":228,"height":80}},{"label":"Glasses","coordinates":{"x":310,"y":42,"width":80,"height":84}},{"label":"Glasses","coordinates":{"x":310,"y":169.5,"width":80,"height":41}},{"label":"Glasses","coordinates":{"x":30,"y":208.5,"width":60,"height":35}},{"label":"Glasses","coordinates":{"x":398.5,"y":301,"width":33,"height":102}}]},{"image":"images--7-_jpg.rf.1cc07067ec0f5572946967bee10ef6e3.jpg","annotations":[{"label":"Glasses","coordinates":{"x":59.5,"y":184,"width":119,"height":78}},{"label":"Glasses","coordinates":{"x":90,"y":20,"width":180,"height":40}},{"label":"Glasses","coordinates":{"x":306,"y":63,"width":138,"height":126}},{"label":"Glasses","coordinates":{"x":395.5,"y":78.5,"width":39,"height":107}},{"label":"Glasses","coordinates":{"x":342.5,"y":323,"width":145,"height":100}}]},{"image":"----8-_jpg.rf.383742c60ba92dc1e55db6556da4b1c1.jpg","annotations":[{"label":"Glasses","coordinates":{"x":24,"y":84.5,"width":48,"height":169}},{"label":"Glasses","coordinates":{"x":102.5,"y":45,"width":99,"height":90}},{"label":"Glasses","coordinates":{"x":82.5,"y":228,"width":67,"height":82}},{"label":"Glasses","coordinates":{"x":200,"y":130.5,"width":94,"height":123}},{"label":"Glasses","coordinates":{"x":377,"y":137.5,"width":76,"height":117}},{"label":"Glasses","coordinates":{"x":72,"y":309.5,"width":144,"height":79}},{"label":"glasses","coordinates":{"x":293,"y":310.5,"width":192,"height":81}}]},{"image":"images--18-_jpg.rf.2819bb2760e930495d56b03b878cb5b7.jpg","annotations":[{"label":"Glasses","coordinates":{"x":78,"y":114,"width":148,"height":118}},{"label":"Glasses","coordinates":{"x":378.5,"y":162.5,"width":73,"height":77}},{"label":"Glasses","coordinates":{"x":191.5,"y":97,"width":77,"height":104}},{"label":"Glasses","coordinates":{"x":225,"y":380.5,"width":144,"height":69}}]},{"image":"images--10-_jpg.rf.371daf1815523271e4778b53d7a55c02.jpg","annotations":[{"label":"Glasses","coordinates":{"x":370,"y":79,"width":90,"height":70}},{"label":"glasses","coordinates":{"x":154,"y":385.5,"width":192,"height":59}}]},{"image":"----2-_jpg.rf.34ee92a412921ecf7a318f223b38afd8.jpg","annotations":[{"label":"Glasses","coordinates":{"x":78.5,"y":40,"width":157,"height":80}},{"label":"Glasses","coordinates":{"x":389,"y":39,"width":52,"height":78}},{"label":"Glasses","coordinates":{"x":276,"y":30.5,"width":88,"height":61}},{"label":"Glasses","coordinates":{"x":223.5,"y":279.5,"width":15,"height":77}},{"label":"Glasses","coordinates":{"x":36.5,"y":305,"width":73,"height":154}},{"label":"glasses","coordinates":{"x":258.5,"y":264.5,"width":53,"height":83}}]},{"image":"images--3-_jpg.rf.3ddf75b5f2b60d6ec598eaa498f835a0.jpg","annotations":[{"label":"Glasses","coordinates":{"x":184.5,"y":27,"width":77,"height":54}},{"label":"Glasses","coordinates":{"x":392,"y":185.5,"width":46,"height":57}},{"label":"glasses","coordinates":{"x":382.5,"y":347,"width":65,"height":84}}]},{"image":"images--18-_jpg.rf.32d34a1cf0e336457d491ac7ea5cdc98.jpg","annotations":[{"label":"glasses","coordinates":{"x":269,"y":36.5,"width":114,"height":73}},{"label":"Glasses","coordinates":{"x":22.5,"y":388.5,"width":45,"height":53}},{"label":"glasses","coordinates":{"x":270.5,"y":293.5,"width":107,"height":90.5}}]},{"image":"----2-_jpg.rf.3e6b27e72d721338d115d543d8e03af9.jpg","annotations":[{"label":"Glasses","coordinates":{"x":72,"y":51.5,"width":144,"height":103}},{"label":"Glasses","coordinates":{"x":394.5,"y":41,"width":41,"height":50}},{"label":"Glasses","coordinates":{"x":240.5,"y":116,"width":49,"height":132}},{"label":"Glasses","coordinates":{"x":51.5,"y":237,"width":103,"height":34}},{"label":"Glasses","coordinates":{"x":379,"y":398,"width":72,"height":30}}]},{"image":"images--19-_jpg.rf.3b4e3af00efedf99b9bb478e5ea8ca17.jpg","annotations":[{"label":"Glasses","coordinates":{"x":181,"y":52.5,"width":46,"height":105}},{"label":"Glasses","coordinates":{"x":350,"y":32.5,"width":118,"height":65}},{"label":"Glasses","coordinates":{"x":227,"y":178,"width":122,"height":40}}]},{"image":"images--19-_jpg.rf.1f8345cfdc65373bc0e347ffe0efd9b9.jpg","annotations":[{"label":"Glasses","coordinates":{"x":45.5,"y":40,"width":91,"height":80}},{"label":"Glasses","coordinates":{"x":233.5,"y":232,"width":77,"height":116}},{"label":"Glasses","coordinates":{"x":341.5,"y":281.5,"width":139,"height":17}},{"label":"Glasses","coordinates":{"x":380.5,"y":76,"width":69,"height":104}},{"label":"Glasses","coordinates":{"x":155.5,"y":342.5,"width":77,"height":103}}]},{"image":"images--21-_jpg.rf.3844b2d6b7f35db340447c1244d496ac.jpg","annotations":[{"label":"Glasses","coordinates":{"x":253.5,"y":36.5,"width":51,"height":73}},{"label":"glasses","coordinates":{"x":91.5,"y":266.5,"width":183,"height":63}},{"label":"Glasses","coordinates":{"x":354,"y":245,"width":122,"height":76}}]},{"image":"images--12-_jpg.rf.420847b711ca572034c6d2bbbe73af4f.jpg","annotations":[{"label":"Glasses","coordinates":{"x":49.5,"y":80,"width":99,"height":100}},{"label":"Glasses","coordinates":{"x":276.5,"y":165.5,"width":105,"height":33}},{"label":"glasses","coordinates":{"x":304,"y":365,"width":138,"height":100}}]},{"image":"images--5-_jpg.rf.2fb0b7602299a4a83fc3cf91d642c4d9.jpg","annotations":[{"label":"Glasses","coordinates":{"x":39,"y":38.5,"width":78,"height":75}},{"label":"Glasses","coordinates":{"x":206.5,"y":38,"width":125,"height":76}},{"label":"Glasses","coordinates":{"x":57.5,"y":232.5,"width":115,"height":131}},{"label":"Glasses","coordinates":{"x":180,"y":217.5,"width":128.5,"height":137}},{"label":"Glasses","coordinates":{"x":363,"y":69,"width":104,"height":84}},{"label":"Glasses","coordinates":{"x":389.5,"y":262.5,"width":51,"height":67}}]},{"image":"images--6-_jpg.rf.4207c1594b582252ea561502103dd96b.jpg","annotations":[{"label":"glasses","coordinates":{"x":168.5,"y":182.5,"width":109,"height":23}},{"label":"glasses","coordinates":{"x":333.5,"y":138.5,"width":163,"height":111}},{"label":"glasses","coordinates":{"x":369.5,"y":400.5,"width":91,"height":29}}]},{"image":"images--12-_jpg.rf.4147bdf345e7cc90f03d5b30d8b2f33f.jpg","annotations":[{"label":"glasses","coordinates":{"x":147,"y":96,"width":96,"height":40}},{"label":"Glasses","coordinates":{"x":269,"y":105,"width":98,"height":62}},{"label":"Glasses","coordinates":{"x":90,"y":347,"width":126,"height":135}},{"label":"Glasses","coordinates":{"x":289.5,"y":160,"width":129,"height":46}},{"label":"Glasses","coordinates":{"x":339.5,"y":254,"width":151,"height":134}}]},{"image":"images--9-_jpg.rf.4856c18513fb73e04c31103f19bb19f2.jpg","annotations":[{"label":"Glasses","coordinates":{"x":14,"y":103.5,"width":28,"height":135}},{"label":"Glasses","coordinates":{"x":204,"y":128.5,"width":46,"height":85}},{"label":"Glasses","coordinates":{"x":325.5,"y":272.5,"width":159,"height":35}},{"label":"Glasses","coordinates":{"x":284.5,"y":126.5,"width":113,"height":193}},{"label":"Glasses","coordinates":{"x":99,"y":327,"width":110,"height":72}},{"label":"Glasses","coordinates":{"x":340.5,"y":371.5,"width":149,"height":87}}]},{"image":"images--6-_jpg.rf.43c634c92f425ea5b3feb946ba91f364.jpg","annotations":[{"label":"Glasses","coordinates":{"x":34.5,"y":52,"width":69,"height":104}},{"label":"Glasses","coordinates":{"x":143.5,"y":23.5,"width":127,"height":47}},{"label":"Glasses","coordinates":{"x":65.5,"y":398.5,"width":131,"height":33}},{"label":"Glasses","coordinates":{"x":165,"y":170.5,"width":84,"height":75}},{"label":"Glasses","coordinates":{"x":377,"y":216,"width":76,"height":92}}]},{"image":"images--16-_jpg.rf.3fe9a880d70650b92a468ff3d233a380.jpg","annotations":[{"label":"Glasses","coordinates":{"x":62.5,"y":115.5,"width":125,"height":107}},{"label":"Glasses","coordinates":{"x":193.5,"y":55.5,"width":81,"height":111}},{"label":"Glasses","coordinates":{"x":299,"y":49,"width":130,"height":98}},{"label":"glasses","coordinates":{"x":330,"y":204,"width":112,"height":68}}]},{"image":"images--12-_jpg.rf.179acd446689cb44353ad3892570295e.jpg","annotations":[{"label":"Glasses","coordinates":{"x":182,"y":69.5,"width":158,"height":101}},{"label":"Glasses","coordinates":{"x":30,"y":60,"width":60,"height":86}},{"label":"glasses","coordinates":{"x":352,"y":133.5,"width":113.5,"height":77.5}},{"label":"Glasses","coordinates":{"x":373,"y":387,"width":84,"height":56}},{"label":"Glasses","coordinates":{"x":296,"y":361,"width":68,"height":108}}]},{"image":"images--12-_jpg.rf.47731c48f13adc13a26f9cd83c01b8e3.jpg","annotations":[{"label":"Glasses","coordinates":{"x":121,"y":220.5,"width":98,"height":63}},{"label":"Glasses","coordinates":{"x":139.5,"y":25,"width":135,"height":50}},{"label":"Glasses","coordinates":{"x":287,"y":217.5,"width":158,"height":69}},{"label":"Glasses","coordinates":{"x":273,"y":76.5,"width":130,"height":65}},{"label":"Glasses","coordinates":{"x":92,"y":392,"width":110,"height":46}},{"label":"Glasses","coordinates":{"x":105.5,"y":278.5,"width":136,"height":50}},{"label":"Glasses","coordinates":{"x":234,"y":352.5,"width":52,"height":125}}]},{"image":"images--2-_jpg.rf.47935872cd88303783d997a83c390016.jpg","annotations":[{"label":"Glasses","coordinates":{"x":104.5,"y":77.5,"width":159,"height":141}},{"label":"Glasses","coordinates":{"x":256,"y":132.5,"width":64,"height":31}},{"label":"Glasses","coordinates":{"x":75,"y":381.5,"width":150,"height":53}},{"label":"Glasses","coordinates":{"x":105.5,"y":192.5,"width":177,"height":87}},{"label":"Glasses","coordinates":{"x":389.5,"y":378,"width":51,"height":74}},{"label":"Glasses","coordinates":{"x":394.5,"y":185.5,"width":41,"height":73}}]},{"image":"images--6-_jpg.rf.4cc3ddbdcd212c327308bd43f24a3fbb.jpg","annotations":[{"label":"Glasses","coordinates":{"x":63,"y":133,"width":110,"height":48}},{"label":"Glasses","coordinates":{"x":76.5,"y":22,"width":137,"height":44}},{"label":"Glasses","coordinates":{"x":279.5,"y":119.5,"width":63,"height":75}},{"label":"Glasses","coordinates":{"x":322.5,"y":297.5,"width":121,"height":46.5}}]},{"image":"images_jpg.rf.43066a992528d946cb4334af5c92c02f.jpg","annotations":[{"label":"glasses","coordinates":{"x":63,"y":26.5,"width":78,"height":53}},{"label":"Glasses","coordinates":{"x":232.5,"y":98.5,"width":149,"height":197}},{"label":"Glasses","coordinates":{"x":386.5,"y":47,"width":57,"height":94}},{"label":"glasses","coordinates":{"x":117.5,"y":278.5,"width":79,"height":41}},{"label":"Glasses","coordinates":{"x":287,"y":291.5,"width":170,"height":85}}]},{"image":"----1-_jpg.rf.488656822d3fc931fb276c74b588dcfe.jpg","annotations":[{"label":"Glasses","coordinates":{"x":84.5,"y":42.5,"width":121,"height":46.5}},{"label":"glasses","coordinates":{"x":381.5,"y":170.5,"width":67,"height":47}},{"label":"glasses","coordinates":{"x":43.5,"y":214.5,"width":87,"height":39}},{"label":"Glasses","coordinates":{"x":276,"y":379,"width":62,"height":58}},{"label":"Glasses","coordinates":{"x":401.5,"y":377.5,"width":27,"height":55}}]},{"image":"images--9-_jpg.rf.4c511fc2a021673fc246ea6c79c3ab22.jpg","annotations":[{"label":"Glasses","coordinates":{"x":63.5,"y":37.5,"width":103,"height":75}},{"label":"glasses","coordinates":{"x":229.5,"y":34.5,"width":155.5,"height":54.5}},{"label":"Glasses","coordinates":{"x":147.5,"y":360,"width":63,"height":76}},{"label":"Glasses","coordinates":{"x":185.5,"y":227,"width":113,"height":48}}]},{"image":"images--1-_jpg.rf.3fd758c74afc44a94ee733ae171080ad.jpg","annotations":[{"label":"Glasses","coordinates":{"x":86.5,"y":126.5,"width":173,"height":65}},{"label":"Glasses","coordinates":{"x":235,"y":21.5,"width":122,"height":43}},{"label":"Glasses","coordinates":{"x":379.5,"y":147.5,"width":71,"height":113}},{"label":"Glasses","coordinates":{"x":218.5,"y":226.5,"width":89,"height":43}},{"label":"Glasses","coordinates":{"x":363,"y":226.5,"width":104,"height":43}},{"label":"Glasses","coordinates":{"x":129.5,"y":287.5,"width":87,"height":77}},{"label":"Glasses","coordinates":{"x":250.5,"y":282,"width":145,"height":66}}]},{"image":"images--5-_jpg.rf.500c9fd42733d5ea281ae4c87a77193f.jpg","annotations":[{"label":"Glasses","coordinates":{"x":143.5,"y":170.5,"width":155,"height":73}},{"label":"Glasses","coordinates":{"x":62,"y":268,"width":124,"height":120}},{"label":"Glasses","coordinates":{"x":223.5,"y":257,"width":49,"height":98}},{"label":"Glasses","coordinates":{"x":319,"y":238,"width":140,"height":60}},{"label":"Glasses","coordinates":{"x":272,"y":344.5,"width":46,"height":107}}]},{"image":"images--19-_jpg.rf.4e7ad14c5690d14810a333ec2fdb7818.jpg","annotations":[{"label":"Glasses","coordinates":{"x":96,"y":232.5,"width":80,"height":7}},{"label":"Glasses","coordinates":{"x":192,"y":324.5,"width":110,"height":175}},{"label":"Glasses","coordinates":{"x":362,"y":307,"width":106,"height":140}}]},{"image":"----9-_jpg.rf.4e914e3b171f8f39cd99681b24153f20.jpg","annotations":[{"label":"Glasses","coordinates":{"x":149,"y":63.5,"width":145,"height":75}},{"label":"Glasses","coordinates":{"x":27,"y":41.5,"width":54,"height":83}},{"label":"Glasses","coordinates":{"x":80.5,"y":224,"width":51.5,"height":90}},{"label":"Glasses","coordinates":{"x":342.5,"y":24,"width":121,"height":48}},{"label":"Glasses","coordinates":{"x":373.5,"y":213,"width":67,"height":136}},{"label":"Glasses","coordinates":{"x":348.5,"y":320.5,"width":133,"height":77}}]},{"image":"----9-_jpg.rf.54f22893b22f278536ff39975de06902.jpg","annotations":[{"label":"glasses","coordinates":{"x":211.5,"y":68,"width":133,"height":106}},{"label":"Glasses","coordinates":{"x":363,"y":282.5,"width":72,"height":75}},{"label":"Glasses","coordinates":{"x":234,"y":328.5,"width":178,"height":167}}]},{"image":"images--21-_jpg.rf.4e5d82839337090262f2853dff0eba2a.jpg","annotations":[{"label":"glasses","coordinates":{"x":58.5,"y":96,"width":117,"height":106}},{"label":"Glasses","coordinates":{"x":257,"y":54,"width":148,"height":108}},{"label":"glasses","coordinates":{"x":259,"y":307,"width":152,"height":64}}]},{"image":"images--18-_jpg.rf.55147c0c89c1969a634750d11c5e0d95.jpg","annotations":[{"label":"Glasses","coordinates":{"x":121,"y":175.5,"width":107.5,"height":103}},{"label":"Glasses","coordinates":{"x":203,"y":379,"width":183,"height":53}},{"label":"Glasses","coordinates":{"x":55,"y":392.5,"width":110,"height":45}},{"label":"Glasses","coordinates":{"x":316,"y":339.5,"width":42,"height":145}}]},{"image":"images--1-_jpg.rf.4c995c7d3a2f166a301106a92d029780.jpg","annotations":[{"label":"glasses","coordinates":{"x":143,"y":66,"width":128,"height":80}},{"label":"glasses","coordinates":{"x":367.5,"y":179.5,"width":95,"height":55}}]},{"image":"images--17-_jpg.rf.5039f4a9928f245b90abb9a8c5c5fc0f.jpg","annotations":[{"label":"glasses","coordinates":{"x":44.5,"y":162.5,"width":89,"height":63}},{"label":"Glasses","coordinates":{"x":235.5,"y":272.5,"width":131,"height":43}},{"label":"Glasses","coordinates":{"x":364,"y":92.5,"width":102,"height":97}},{"label":"Glasses","coordinates":{"x":248.5,"y":126,"width":102.5,"height":109}},{"label":"glasses","coordinates":{"x":60.5,"y":394,"width":121,"height":42}},{"label":"Glasses","coordinates":{"x":348,"y":355.5,"width":134,"height":91}}]},{"image":"images--12-_jpg.rf.4627beed77426e5e830b7b3d49d0905f.jpg","annotations":[{"label":"Glasses","coordinates":{"x":70.5,"y":106,"width":141,"height":100}},{"label":"Glasses","coordinates":{"x":341,"y":141.5,"width":71,"height":79.5}},{"label":"Glasses","coordinates":{"x":398,"y":95,"width":34,"height":172}},{"label":"glasses","coordinates":{"x":172,"y":384,"width":194,"height":62}},{"label":"Glasses","coordinates":{"x":352,"y":375.5,"width":117.5,"height":75}}]},{"image":"images--5-_jpg.rf.561931fc4a6eef5b0a70f10013245c68.jpg","annotations":[{"label":"Glasses","coordinates":{"x":58.5,"y":167,"width":117,"height":104}},{"label":"Glasses","coordinates":{"x":162,"y":158,"width":90,"height":122}},{"label":"glasses","coordinates":{"x":250.5,"y":149.5,"width":85,"height":91}},{"label":"Glasses","coordinates":{"x":243.5,"y":235,"width":71,"height":30}},{"label":"Glasses","coordinates":{"x":390,"y":253,"width":50,"height":66}}]},{"image":"images--10-_jpg.rf.584bc2647ae8e5524d23c37a6f97090a.jpg","annotations":[{"label":"Glasses","coordinates":{"x":375.5,"y":28.5,"width":79,"height":57}},{"label":"glasses","coordinates":{"x":51.5,"y":188.5,"width":103,"height":63}},{"label":"Glasses","coordinates":{"x":270,"y":183,"width":137.5,"height":139.5}},{"label":"Glasses","coordinates":{"x":377.5,"y":205.5,"width":75,"height":107}}]},{"image":"----9-_jpg.rf.54ceced2f6b962a2f2f882b6e9963d90.jpg","annotations":[{"label":"Glasses","coordinates":{"x":151,"y":155.5,"width":145,"height":75}},{"label":"Glasses","coordinates":{"x":28,"y":179.5,"width":56,"height":87}},{"label":"Glasses","coordinates":{"x":82.5,"y":20.5,"width":53,"height":41}},{"label":"Glasses","coordinates":{"x":161.5,"y":342.5,"width":123,"height":123}},{"label":"Glasses","coordinates":{"x":296,"y":286.5,"width":144,"height":125}}]},{"image":"----7-_jpg.rf.4d57a746cc9397584b0c023654a275f9.jpg","annotations":[{"label":"Glasses","coordinates":{"x":269,"y":62,"width":122,"height":124}},{"label":"Glasses","coordinates":{"x":157,"y":234.5,"width":100,"height":131}},{"label":"Glasses","coordinates":{"x":53,"y":283,"width":106,"height":136}},{"label":"Glasses","coordinates":{"x":311.5,"y":330.5,"width":207,"height":99}}]},{"image":"images--10-_jpg.rf.58ef9ee5cb8b9dad9c3e1578725ff6ae.jpg","annotations":[{"label":"Glasses","coordinates":{"x":62,"y":30,"width":124,"height":60}},{"label":"Glasses","coordinates":{"x":119,"y":136.5,"width":170,"height":107}},{"label":"Glasses","coordinates":{"x":382.5,"y":59,"width":51.5,"height":90}},{"label":"Glasses","coordinates":{"x":42,"y":287,"width":84,"height":30}},{"label":"glasses","coordinates":{"x":389,"y":265.5,"width":52,"height":73}}]},{"image":"images--11-_jpg.rf.59ddaae86dfd3820d4f9f7982cd36d7b.jpg","annotations":[{"label":"Glasses","coordinates":{"x":74,"y":109,"width":148,"height":96}},{"label":"glasses","coordinates":{"x":250,"y":81.5,"width":110.5,"height":73.5}},{"label":"glasses","coordinates":{"x":326,"y":345,"width":76.5,"height":64}}]},{"image":"images--12-_jpg.rf.521cdb9377298b0b8ac9de037c27eb64.jpg","annotations":[{"label":"Glasses","coordinates":{"x":143,"y":51,"width":97,"height":85}},{"label":"Glasses","coordinates":{"x":323,"y":15.5,"width":118,"height":31}},{"label":"Glasses","coordinates":{"x":206.5,"y":246,"width":91,"height":136}},{"label":"Glasses","coordinates":{"x":53,"y":190.5,"width":106,"height":25}}]},{"image":"images--9-_jpg.rf.5895a2a66c57de2e93332262232ce8a8.jpg","annotations":[{"label":"Glasses","coordinates":{"x":153.5,"y":94.5,"width":143,"height":107}},{"label":"glasses","coordinates":{"x":57,"y":231.5,"width":110.5,"height":73.5}},{"label":"Glasses","coordinates":{"x":334.5,"y":173,"width":133,"height":48}},{"label":"Glasses","coordinates":{"x":346,"y":384.5,"width":138,"height":61}}]},{"image":"images--3-_jpg.rf.58a77f219f9c34495903656821116233.jpg","annotations":[{"label":"Glasses","coordinates":{"x":132,"y":103,"width":150,"height":144}},{"label":"Glasses","coordinates":{"x":28,"y":136.5,"width":56,"height":81}},{"label":"Glasses","coordinates":{"x":301,"y":116.5,"width":154,"height":121}},{"label":"Glasses","coordinates":{"x":109.5,"y":309,"width":195,"height":150}},{"label":"glasses","coordinates":{"x":349,"y":310,"width":132,"height":126}}]},{"image":"images--3-_jpg.rf.5760a2f84922d95b50a739fc12bb4ec4.jpg","annotations":[{"label":"Glasses","coordinates":{"x":53,"y":123,"width":106,"height":104}},{"label":"Glasses","coordinates":{"x":182.5,"y":60,"width":41,"height":76}},{"label":"Glasses","coordinates":{"x":217.5,"y":213.5,"width":111,"height":61}}]},{"image":"images--6-_jpg.rf.5ce3c90202daa2b72adeec47a8ca85cc.jpg","annotations":[{"label":"glasses","coordinates":{"x":179,"y":104.5,"width":119.5,"height":82.5}},{"label":"Glasses","coordinates":{"x":327,"y":57.5,"width":172,"height":115}},{"label":"Glasses","coordinates":{"x":330.5,"y":246.5,"width":169,"height":95}},{"label":"Glasses","coordinates":{"x":352.5,"y":400.5,"width":125,"height":29}}]},{"image":"images--17-_jpg.rf.5b7cf52a0bee5a6aeadef09292b3f343.jpg","annotations":[{"label":"Glasses","coordinates":{"x":68,"y":289,"width":136,"height":108}},{"label":"Glasses","coordinates":{"x":247.5,"y":307.5,"width":129,"height":123}}]},{"image":"images--1-_jpg.rf.60f935c2031b5b66699cf7ad0b4ea970.jpg","annotations":[{"label":"Glasses","coordinates":{"x":133,"y":242,"width":122,"height":88}},{"label":"Glasses","coordinates":{"x":101.5,"y":91.5,"width":185,"height":65}},{"label":"Glasses","coordinates":{"x":296.5,"y":160.5,"width":96,"height":116.5}},{"label":"Glasses","coordinates":{"x":117.5,"y":351,"width":153,"height":128}}]},{"image":"images--8-_jpg.rf.6034aa9c3d8233001d699c33803007df.jpg","annotations":[{"label":"Glasses","coordinates":{"x":166,"y":55.5,"width":98,"height":111}},{"label":"Glasses","coordinates":{"x":240.5,"y":63,"width":49,"height":54}},{"label":"Glasses","coordinates":{"x":340.5,"y":82.5,"width":149,"height":57}},{"label":"Glasses","coordinates":{"x":157,"y":249.5,"width":116,"height":85}},{"label":"Glasses","coordinates":{"x":260,"y":117.5,"width":82,"height":11}},{"label":"Glasses","coordinates":{"x":240,"y":398.5,"width":48,"height":33}}]},{"image":"images--2-_jpg.rf.650af5669b3c139946e9184697927239.jpg","annotations":[{"label":"Glasses","coordinates":{"x":254.5,"y":90.5,"width":103,"height":43}},{"label":"Glasses","coordinates":{"x":265.5,"y":299.5,"width":81,"height":91}},{"label":"Glasses","coordinates":{"x":64.5,"y":356,"width":129,"height":118}},{"label":"Glasses","coordinates":{"x":264,"y":211.5,"width":78,"height":33}},{"label":"Glasses","coordinates":{"x":73.5,"y":224,"width":147,"height":58}},{"label":"Glasses","coordinates":{"x":329,"y":289,"width":44,"height":100}}]},{"image":"images--8-_jpg.rf.624b37db9f319ec3d42a06ea7f04a65f.jpg","annotations":[{"label":"Glasses","coordinates":{"x":45,"y":205,"width":90,"height":44}},{"label":"Glasses","coordinates":{"x":119,"y":180,"width":34,"height":72}},{"label":"glasses","coordinates":{"x":267.5,"y":188.5,"width":247,"height":77}},{"label":"glasses","coordinates":{"x":94.5,"y":397,"width":83,"height":36}},{"label":"Glasses","coordinates":{"x":343.5,"y":250,"width":143,"height":44}}]},{"image":"----1-_jpg.rf.72bbb05a595b9521dbf41f7791205bdf.jpg","annotations":[{"label":"Glasses","coordinates":{"x":109.5,"y":64.5,"width":121,"height":46.5}},{"label":"Glasses","coordinates":{"x":220,"y":173,"width":92,"height":92}},{"label":"Glasses","coordinates":{"x":377.5,"y":183.5,"width":75,"height":71}},{"label":"Glasses","coordinates":{"x":64.5,"y":407.5,"width":129,"height":15}},{"label":"Glasses","coordinates":{"x":118.5,"y":237.5,"width":109,"height":35}},{"label":"Glasses","coordinates":{"x":323.5,"y":307.5,"width":183,"height":125}}]},{"image":"images--17-_jpg.rf.666e8c956278d64c4b9d45bf1759ca60.jpg","annotations":[{"label":"glasses","coordinates":{"x":25.5,"y":76.5,"width":51,"height":63}},{"label":"Glasses","coordinates":{"x":374.5,"y":62,"width":81,"height":70}},{"label":"Glasses","coordinates":{"x":207,"y":380.5,"width":116,"height":69}},{"label":"Glasses","coordinates":{"x":226,"y":293,"width":78,"height":54}},{"label":"Glasses","coordinates":{"x":378.5,"y":305.5,"width":73,"height":79}}]},{"image":"----5-_jpg.rf.65c5eb2eec72b709cf0a00d3e9bc941d.jpg","annotations":[{"label":"Glasses","coordinates":{"x":140.5,"y":44,"width":143.5,"height":83.5}},{"label":"Glasses","coordinates":{"x":180.5,"y":234.5,"width":119,"height":61}},{"label":"glasses","coordinates":{"x":375.5,"y":178.5,"width":79,"height":55}},{"label":"glasses","coordinates":{"x":92.5,"y":408,"width":157,"height":14}}]},{"image":"----8-_jpg.rf.7c39c90bb416f38a661d33f2d6d9c8ce.jpg","annotations":[{"label":"Glasses","coordinates":{"x":171.5,"y":177,"width":87,"height":126}},{"label":"Glasses","coordinates":{"x":62.5,"y":216.5,"width":125,"height":47}},{"label":"Glasses","coordinates":{"x":94.5,"y":48,"width":67,"height":96}},{"label":"Glasses","coordinates":{"x":284.5,"y":107,"width":137,"height":100}},{"label":"Glasses","coordinates":{"x":97,"y":373,"width":194,"height":84}},{"label":"Glasses","coordinates":{"x":139,"y":274.5,"width":110,"height":67}},{"label":"Glasses","coordinates":{"x":341.5,"y":254.5,"width":123,"height":27}}]},{"image":"images--11-_jpg.rf.6858f84e44185ce4e93c6951109ccd76.jpg","annotations":[{"label":"glasses","coordinates":{"x":119.5,"y":95,"width":193.5,"height":82.5}},{"label":"Glasses","coordinates":{"x":375.5,"y":62,"width":79,"height":124}},{"label":"Glasses","coordinates":{"x":375.5,"y":181,"width":79,"height":68}},{"label":"glasses","coordinates":{"x":137,"y":240.5,"width":94,"height":49}},{"label":"Glasses","coordinates":{"x":340,"y":243.5,"width":150,"height":55}},{"label":"Glasses","coordinates":{"x":314.5,"y":409.5,"width":147,"height":11}}]},{"image":"----1-_jpg.rf.7bb119a5a2870b488d9208bfb54d8098.jpg","annotations":[{"label":"Glasses","coordinates":{"x":124.5,"y":205,"width":73,"height":104}},{"label":"Glasses","coordinates":{"x":26.5,"y":244.5,"width":53,"height":101}},{"label":"Glasses","coordinates":{"x":324,"y":210,"width":174,"height":106.5}}]},{"image":"images--11-_jpg.rf.779a001b8729f1e6f4c78d09c10d801b.jpg","annotations":[{"label":"glasses","coordinates":{"x":69,"y":227,"width":138,"height":64}},{"label":"Glasses","coordinates":{"x":333.5,"y":338,"width":163,"height":108}}]},{"image":"images--12-_jpg.rf.789ea3016ad8773ea34a47b3a0eb3f12.jpg","annotations":[{"label":"glasses","coordinates":{"x":159.5,"y":139.5,"width":45,"height":41}},{"label":"Glasses","coordinates":{"x":289.5,"y":234,"width":159,"height":54}},{"label":"Glasses","coordinates":{"x":244,"y":87.5,"width":122,"height":175}},{"label":"Glasses","coordinates":{"x":391,"y":70,"width":48,"height":140}},{"label":"Glasses","coordinates":{"x":304,"y":405.5,"width":94,"height":19}}]},{"image":"images--2-_jpg.rf.795fd2bd00ee884f4843549d97b6f079.jpg","annotations":[{"label":"Glasses","coordinates":{"x":156.5,"y":96,"width":101,"height":76}},{"label":"Glasses","coordinates":{"x":382,"y":149.5,"width":66,"height":31}},{"label":"Glasses","coordinates":{"x":63,"y":213,"width":126,"height":94}},{"label":"Glasses","coordinates":{"x":178.5,"y":289.5,"width":57,"height":33}},{"label":"Glasses","coordinates":{"x":259,"y":289,"width":102,"height":78}}]},{"image":"----2-_jpg.rf.808e1cff2781697a901b91a484d9eaa3.jpg","annotations":[{"label":"Glasses","coordinates":{"x":61.5,"y":24.5,"width":123,"height":49}},{"label":"Glasses","coordinates":{"x":80.5,"y":60,"width":85,"height":20}},{"label":"Glasses","coordinates":{"x":219,"y":123,"width":190,"height":168}},{"label":"Glasses","coordinates":{"x":341,"y":108,"width":51.5,"height":85}},{"label":"glasses","coordinates":{"x":103,"y":335.5,"width":40,"height":55}},{"label":"Glasses","coordinates":{"x":359.5,"y":263,"width":111,"height":70}}]},{"image":"images--9-_jpg.rf.7b526938f135d0bd0a9f9c859aaf0a30.jpg","annotations":[{"label":"Glasses","coordinates":{"x":109,"y":48.5,"width":204,"height":97}},{"label":"Glasses","coordinates":{"x":62,"y":173.5,"width":109,"height":106}},{"label":"Glasses","coordinates":{"x":355.5,"y":37.5,"width":119,"height":75}},{"label":"Glasses","coordinates":{"x":324.5,"y":176.5,"width":143,"height":107}},{"label":"Glasses","coordinates":{"x":110,"y":332,"width":110,"height":74}},{"label":"Glasses","coordinates":{"x":290.5,"y":346,"width":75,"height":102}}]},{"image":"----2-_jpg.rf.4361591558f81849e043f9d46a178296.jpg","annotations":[{"label":"Glasses","coordinates":{"x":133.5,"y":148.5,"width":71,"height":71}},{"label":"Glasses","coordinates":{"x":27.5,"y":208.5,"width":55,"height":63}},{"label":"Glasses","coordinates":{"x":389,"y":31.5,"width":52,"height":63}},{"label":"Glasses","coordinates":{"x":286,"y":18.5,"width":154,"height":37}},{"label":"glasses","coordinates":{"x":110.5,"y":389,"width":117,"height":52}},{"label":"Glasses","coordinates":{"x":379,"y":331,"width":72,"height":94}},{"label":"Glasses","coordinates":{"x":195.5,"y":351,"width":51,"height":128}}]},{"image":"----3-_jpg.rf.80dec4045073c807addcff2b9eee2185.jpg","annotations":[{"label":"Glasses","coordinates":{"x":53,"y":82.5,"width":106,"height":49}},{"label":"Glasses","coordinates":{"x":207,"y":17.5,"width":116,"height":35}},{"label":"Glasses","coordinates":{"x":336,"y":78.5,"width":140,"height":57}},{"label":"glasses","coordinates":{"x":221.5,"y":314.5,"width":87,"height":79}},{"label":"Glasses","coordinates":{"x":376.5,"y":369.5,"width":77,"height":91}}]},{"image":"images--18-_jpg.rf.5b194ea95773ea9e67baa0aeba416897.jpg","annotations":[{"label":"Glasses","coordinates":{"x":301,"y":89.5,"width":71,"height":79.5}},{"label":"Glasses","coordinates":{"x":378,"y":124,"width":74,"height":148}},{"label":"Glasses","coordinates":{"x":78,"y":255.5,"width":61,"height":84.5}},{"label":"glasses","coordinates":{"x":311,"y":321,"width":137.5,"height":105.5}}]},{"image":"images--10-_jpg.rf.5d96350c78519c69a17e07ceba292334.jpg","annotations":[{"label":"Glasses","coordinates":{"x":72.5,"y":47.5,"width":145,"height":95}},{"label":"Glasses","coordinates":{"x":389.5,"y":114.5,"width":51,"height":81}},{"label":"Glasses","coordinates":{"x":273.5,"y":124,"width":173,"height":98}},{"label":"Glasses","coordinates":{"x":60.5,"y":377.5,"width":118.5,"height":56}},{"label":"glasses","coordinates":{"x":250.5,"y":334,"width":127,"height":126}}]},{"image":"images--20-_jpg.rf.823869c178bbcb8cc267c3eea020d60c.jpg","annotations":[{"label":"glasses","coordinates":{"x":52,"y":136,"width":104,"height":58}},{"label":"Glasses","coordinates":{"x":327,"y":129.5,"width":72,"height":71}},{"label":"Glasses","coordinates":{"x":222.5,"y":83.5,"width":129,"height":163}},{"label":"glasses","coordinates":{"x":78.5,"y":220.5,"width":157,"height":63}}]},{"image":"images--9-_jpg.rf.74ba4db2a7d6e0c3db58d6e4811860ec.jpg","annotations":[{"label":"Glasses","coordinates":{"x":70.5,"y":65.5,"width":141,"height":123}},{"label":"Glasses","coordinates":{"x":272,"y":99.5,"width":146,"height":181}},{"label":"Glasses","coordinates":{"x":405.5,"y":57.5,"width":19,"height":115}},{"label":"glasses","coordinates":{"x":98.5,"y":207.5,"width":195,"height":33}},{"label":"Glasses","coordinates":{"x":379.5,"y":300.5,"width":71,"height":125}}]},{"image":"----2-_jpg.rf.66e503ca61f72872668a825d6a1f092a.jpg","annotations":[{"label":"Glasses","coordinates":{"x":59.5,"y":49.5,"width":119,"height":81}},{"label":"Glasses","coordinates":{"x":361.5,"y":37.5,"width":107,"height":75}},{"label":"Glasses","coordinates":{"x":51,"y":165.5,"width":97,"height":72.5}},{"label":"Glasses","coordinates":{"x":157.5,"y":377.5,"width":115,"height":75}},{"label":"Glasses","coordinates":{"x":268.5,"y":160,"width":105,"height":76}},{"label":"Glasses","coordinates":{"x":379,"y":135,"width":72,"height":88}},{"label":"Glasses","coordinates":{"x":316.5,"y":320,"width":51.5,"height":90}}]},{"image":"----5-_jpg.rf.804ea7ef20cb00c9ea00a556dda389e4.jpg","annotations":[{"label":"Glasses","coordinates":{"x":146.5,"y":73,"width":143.5,"height":83.5}},{"label":"Glasses","coordinates":{"x":375,"y":43.5,"width":80,"height":87}},{"label":"Glasses","coordinates":{"x":335,"y":160.5,"width":160,"height":101}},{"label":"glasses","coordinates":{"x":150,"y":294,"width":138,"height":68}}]},{"image":"----2-_jpg.rf.85f336b6afb4658c2c58e06a2d304cce.jpg","annotations":[{"label":"Glasses","coordinates":{"x":113,"y":140,"width":99.5,"height":131.5}},{"label":"Glasses","coordinates":{"x":330.5,"y":104,"width":143.5,"height":83.5}},{"label":"Glasses","coordinates":{"x":54.5,"y":277,"width":109,"height":64}},{"label":"Glasses","coordinates":{"x":115.5,"y":398,"width":113,"height":34}},{"label":"glasses","coordinates":{"x":341,"y":274,"width":148,"height":58}}]},{"image":"images--11-_jpg.rf.7f87cb8086947c97aa53492280552e4c.jpg","annotations":[{"label":"Glasses","coordinates":{"x":109.5,"y":135,"width":153,"height":96}},{"label":"Glasses","coordinates":{"x":251.5,"y":49,"width":129,"height":98}},{"label":"Glasses","coordinates":{"x":50.5,"y":390,"width":101,"height":50}},{"label":"Glasses","coordinates":{"x":166.5,"y":308.5,"width":39,"height":69}},{"label":"Glasses","coordinates":{"x":346.5,"y":364,"width":137,"height":90}},{"label":"Glasses","coordinates":{"x":214,"y":382.5,"width":54,"height":65}},{"label":"Glasses","coordinates":{"x":360.5,"y":220,"width":109,"height":50}}]},{"image":"images--7-_jpg.rf.888e9caedfc36bd3774b077af091a31d.jpg","annotations":[{"label":"Glasses","coordinates":{"x":350,"y":115.5,"width":130,"height":157}},{"label":"Glasses","coordinates":{"x":230.5,"y":110.5,"width":71,"height":147}},{"label":"Glasses","coordinates":{"x":146.5,"y":379.5,"width":95,"height":71}},{"label":"Glasses","coordinates":{"x":318.5,"y":381.5,"width":129,"height":67}}]},{"image":"----6-_jpg.rf.845d06d089fe4fcaa629e1e83ea4d2be.jpg","annotations":[{"label":"Glasses","coordinates":{"x":75,"y":51,"width":150,"height":100}},{"label":"Glasses","coordinates":{"x":322.5,"y":32,"width":175,"height":64}},{"label":"Glasses","coordinates":{"x":347,"y":125.5,"width":136,"height":121}},{"label":"Glasses","coordinates":{"x":143.5,"y":291.5,"width":151,"height":93}},{"label":"Glasses","coordinates":{"x":384.5,"y":331.5,"width":61,"height":149}}]},{"image":"----10-_jpg.rf.8edf710c54b0f4811f30d3530f391745.jpg","annotations":[{"label":"Glasses","coordinates":{"x":80.5,"y":219.5,"width":161,"height":73}},{"label":"glasses","coordinates":{"x":289.5,"y":122,"width":227,"height":125}},{"label":"Glasses","coordinates":{"x":129.5,"y":370.5,"width":63,"height":89}}]},{"image":"----3-_jpg.rf.8d83a55610db27384e35cac6fc4e95b6.jpg","annotations":[{"label":"Glasses","coordinates":{"x":217,"y":145,"width":152,"height":32}},{"label":"Glasses","coordinates":{"x":74.5,"y":181,"width":131,"height":38}},{"label":"Glasses","coordinates":{"x":115,"y":349.5,"width":50,"height":33}},{"label":"Glasses","coordinates":{"x":171.5,"y":202,"width":61,"height":80}},{"label":"Glasses","coordinates":{"x":279.5,"y":385,"width":147,"height":60}},{"label":"Glasses","coordinates":{"x":173,"y":354.5,"width":64,"height":121}}]},{"image":"----1-_jpg.rf.983fdf421324ceab58bd9fbf5aa0d69c.jpg","annotations":[{"label":"Glasses","coordinates":{"x":149.5,"y":71,"width":47,"height":94}},{"label":"Glasses","coordinates":{"x":207.5,"y":261,"width":67,"height":66}},{"label":"Glasses","coordinates":{"x":231.5,"y":71,"width":115,"height":120}},{"label":"Glasses","coordinates":{"x":86.5,"y":396,"width":173,"height":38}},{"label":"Glasses","coordinates":{"x":82,"y":326,"width":164,"height":62}},{"label":"Glasses","coordinates":{"x":339.5,"y":384.5,"width":151,"height":61}}]},{"image":"images--13-_jpg.rf.8edf5487cf6bf9f77174a3ec0baf8e05.jpg","annotations":[{"label":"Glasses","coordinates":{"x":256.5,"y":91,"width":115,"height":112}},{"label":"Glasses","coordinates":{"x":21.5,"y":226,"width":43,"height":128}},{"label":"Glasses","coordinates":{"x":357.5,"y":365.5,"width":115,"height":99}},{"label":"Glasses","coordinates":{"x":361,"y":290,"width":108,"height":34}}]},{"image":"images--16-_jpg.rf.8e5485bd7266df1c92a5741500e63bef.jpg","annotations":[{"label":"Glasses","coordinates":{"x":38,"y":61.5,"width":76,"height":115}},{"label":"Glasses","coordinates":{"x":314.5,"y":99.5,"width":97,"height":47}},{"label":"Glasses","coordinates":{"x":25.5,"y":248,"width":51,"height":70}},{"label":"Glasses","coordinates":{"x":367,"y":225,"width":96,"height":44}},{"label":"Glasses","coordinates":{"x":338,"y":318,"width":144,"height":134}}]},{"image":"----3-_jpg.rf.9813237adbbd59eb042c32531440064e.jpg","annotations":[{"label":"Glasses","coordinates":{"x":33,"y":86.5,"width":66,"height":117}},{"label":"Glasses","coordinates":{"x":386.5,"y":111,"width":57,"height":92}},{"label":"glasses","coordinates":{"x":12,"y":321.5,"width":24,"height":41}},{"label":"Glasses","coordinates":{"x":199.5,"y":289,"width":33,"height":60}},{"label":"Glasses","coordinates":{"x":280.5,"y":317,"width":127.5,"height":109}},{"label":"Glasses","coordinates":{"x":335,"y":208,"width":160,"height":100}}]},{"image":"images--3-_jpg.rf.9b1ad4999281f9f665cee1a878e660fa.jpg","annotations":[{"label":"Glasses","coordinates":{"x":20,"y":44.5,"width":40,"height":89}},{"label":"Glasses","coordinates":{"x":212,"y":52,"width":48,"height":104}},{"label":"Glasses","coordinates":{"x":359,"y":95.5,"width":112,"height":51}},{"label":"Glasses","coordinates":{"x":118.5,"y":175.5,"width":177.5,"height":89}},{"label":"Glasses","coordinates":{"x":90,"y":327.5,"width":180,"height":65}},{"label":"glasses","coordinates":{"x":343.5,"y":289,"width":143,"height":126}}]},{"image":"images--16-_jpg.rf.92655daeaddba41f8e39acb506d3179c.jpg","annotations":[{"label":"Glasses","coordinates":{"x":98,"y":175.5,"width":138,"height":37}},{"label":"Glasses","coordinates":{"x":366,"y":52.5,"width":98,"height":105}},{"label":"Glasses","coordinates":{"x":65,"y":239,"width":130,"height":80}},{"label":"Glasses","coordinates":{"x":162.5,"y":251,"width":63,"height":56}},{"label":"Glasses","coordinates":{"x":59,"y":339,"width":118,"height":112}},{"label":"Glasses","coordinates":{"x":320,"y":355,"width":190,"height":120}}]},{"image":"----9-_jpg.rf.840461e0cf9cce8f866e001f1b3de078.jpg","annotations":[{"label":"glasses","coordinates":{"x":253,"y":119.5,"width":119.5,"height":82.5}},{"label":"Glasses","coordinates":{"x":92.5,"y":284.5,"width":128,"height":39.5}},{"label":"Glasses","coordinates":{"x":275,"y":267.5,"width":202,"height":71}}]},{"image":"----6-_jpg.rf.a259a1eadc4e9c95d368361851a91534.jpg","annotations":[{"label":"Glasses","coordinates":{"x":67.5,"y":66,"width":135,"height":100}},{"label":"Glasses","coordinates":{"x":375.5,"y":53.5,"width":79,"height":63}},{"label":"glasses","coordinates":{"x":46.5,"y":241,"width":93,"height":46}},{"label":"Glasses","coordinates":{"x":214.5,"y":223,"width":55,"height":90}},{"label":"Glasses","coordinates":{"x":342,"y":255.5,"width":128,"height":100}}]},{"image":"images--2-_jpg.rf.92cde51428149b8363ac32f0a41339a9.jpg","annotations":[{"label":"Glasses","coordinates":{"x":309.5,"y":64.5,"width":79,"height":129}},{"label":"glasses","coordinates":{"x":83.5,"y":347.5,"width":107,"height":90.5}},{"label":"Glasses","coordinates":{"x":302.5,"y":346,"width":65,"height":70}}]},{"image":"images--12-_jpg.rf.98de58f6652bb012bd9db21151aa697b.jpg","annotations":[{"label":"Glasses","coordinates":{"x":379,"y":102.5,"width":72,"height":83}},{"label":"Glasses","coordinates":{"x":401,"y":155,"width":28,"height":20}},{"label":"Glasses","coordinates":{"x":230,"y":196.5,"width":162,"height":103}},{"label":"glasses","coordinates":{"x":120.5,"y":366.5,"width":55,"height":65}}]},{"image":"images--8-_jpg.rf.7b4a16c7c34f6d5b4a6069d390f1cb57.jpg","annotations":[{"label":"glasses","coordinates":{"x":313.5,"y":120,"width":203,"height":64}},{"label":"Glasses","coordinates":{"x":20,"y":277,"width":40,"height":148}},{"label":"Glasses","coordinates":{"x":187.5,"y":277,"width":47,"height":146}},{"label":"Glasses","coordinates":{"x":328,"y":359,"width":170,"height":112}}]},{"image":"images--3-_jpg.rf.a32af2ae5ff9b8f70714dfbd84c991a7.jpg","annotations":[{"label":"Glasses","coordinates":{"x":184.5,"y":198.5,"width":111,"height":57}},{"label":"Glasses","coordinates":{"x":221.5,"y":81,"width":37,"height":90}},{"label":"Glasses","coordinates":{"x":27,"y":72,"width":54,"height":104}},{"label":"Glasses","coordinates":{"x":392.5,"y":202,"width":45,"height":50}},{"label":"Glasses","coordinates":{"x":187,"y":274.5,"width":106,"height":93}},{"label":"Glasses","coordinates":{"x":34,"y":262.5,"width":68,"height":69}},{"label":"glasses","coordinates":{"x":366.5,"y":281.5,"width":97,"height":91}}]},{"image":"----2-_jpg.rf.a7f5c123edec6717ff37cdb4511d09cc.jpg","annotations":[{"label":"Glasses","coordinates":{"x":243.5,"y":160.5,"width":133,"height":51}},{"label":"Glasses","coordinates":{"x":382,"y":127,"width":66,"height":118}},{"label":"Glasses","coordinates":{"x":264,"y":369.5,"width":168,"height":91}},{"label":"Glasses","coordinates":{"x":106,"y":303,"width":142,"height":96.5}},{"label":"Glasses","coordinates":{"x":286,"y":209.5,"width":124,"height":45}},{"label":"Glasses","coordinates":{"x":26,"y":206.5,"width":52,"height":39}}]},{"image":"----2-_jpg.rf.ace64e5364e697112227efdf6af70fbf.jpg","annotations":[{"label":"Glasses","coordinates":{"x":31.5,"y":43,"width":63,"height":86}},{"label":"Glasses","coordinates":{"x":68,"y":163.5,"width":100,"height":45}},{"label":"Glasses","coordinates":{"x":60,"y":211.5,"width":120,"height":49}},{"label":"Glasses","coordinates":{"x":198,"y":230.5,"width":84,"height":87}},{"label":"Glasses","coordinates":{"x":292,"y":220.5,"width":102,"height":67}}]},{"image":"----1-_jpg.rf.9599bf1a8f6f186c88f0a7f4f37136ec.jpg","annotations":[{"label":"Glasses","coordinates":{"x":16.5,"y":162,"width":33,"height":64}},{"label":"Glasses","coordinates":{"x":33,"y":222.5,"width":66,"height":55}},{"label":"Glasses","coordinates":{"x":398,"y":285.5,"width":34,"height":77}},{"label":"Glasses","coordinates":{"x":242.5,"y":350,"width":53,"height":104}}]},{"image":"images--12-_jpg.rf.9a1b74b819bbef95eb31789357ab95ea.jpg","annotations":[{"label":"Glasses","coordinates":{"x":63.5,"y":172,"width":127,"height":44}},{"label":"Glasses","coordinates":{"x":173.5,"y":172,"width":91,"height":44}},{"label":"Glasses","coordinates":{"x":57.5,"y":91,"width":115,"height":112}},{"label":"Glasses","coordinates":{"x":159.5,"y":285.5,"width":118.5,"height":56}},{"label":"Glasses","coordinates":{"x":338,"y":332.5,"width":128,"height":100}}]},{"image":"images--8-_jpg.rf.a79c1616493cad0f9fa73f604f98fc23.jpg","annotations":[{"label":"Glasses","coordinates":{"x":195,"y":26,"width":56,"height":52}},{"label":"Glasses","coordinates":{"x":77,"y":54,"width":154,"height":72}},{"label":"Glasses","coordinates":{"x":257.5,"y":9,"width":67,"height":18}},{"label":"Glasses","coordinates":{"x":137,"y":280.5,"width":61,"height":84.5}},{"label":"Glasses","coordinates":{"x":388.5,"y":226.5,"width":53,"height":71}},{"label":"Glasses","coordinates":{"x":367.5,"y":375.5,"width":95,"height":79}},{"label":"Glasses","coordinates":{"x":271.5,"y":349.5,"width":95,"height":131}}]},{"image":"images--6-_jpg.rf.907410f47b14105e3cebbf8f589d7f7c.jpg","annotations":[{"label":"Glasses","coordinates":{"x":32.5,"y":31,"width":65,"height":62}},{"label":"Glasses","coordinates":{"x":109,"y":248,"width":154,"height":42}},{"label":"Glasses","coordinates":{"x":242,"y":88,"width":110,"height":90}},{"label":"Glasses","coordinates":{"x":374.5,"y":62,"width":81,"height":78}},{"label":"Glasses","coordinates":{"x":228,"y":238,"width":82,"height":62}},{"label":"Glasses","coordinates":{"x":272,"y":292,"width":60,"height":44}},{"label":"Glasses","coordinates":{"x":396.5,"y":332.5,"width":37,"height":123}}]},{"image":"images--11-_jpg.rf.a3aa064f9821c4a9d150812fdb6a758f.jpg","annotations":[{"label":"Glasses","coordinates":{"x":87.5,"y":45.5,"width":71,"height":91}},{"label":"glasses","coordinates":{"x":292.5,"y":223,"width":193.5,"height":82.5}},{"label":"Glasses","coordinates":{"x":138.5,"y":328,"width":29,"height":78}},{"label":"Glasses","coordinates":{"x":349.5,"y":370,"width":117,"height":33.5}}]},{"image":"images--10-_jpg.rf.ae0e9c9e3f73c90ace1d685ef113e6fa.jpg","annotations":[{"label":"Glasses","coordinates":{"x":174.5,"y":26.5,"width":55,"height":53}},{"label":"Glasses","coordinates":{"x":174.5,"y":146,"width":55,"height":132}},{"label":"Glasses","coordinates":{"x":34.5,"y":115.5,"width":69,"height":123}},{"label":"Glasses","coordinates":{"x":70,"y":269,"width":98,"height":24}},{"label":"Glasses","coordinates":{"x":388,"y":368,"width":54,"height":94}},{"label":"Glasses","coordinates":{"x":220.5,"y":321.5,"width":35,"height":97}}]},{"image":"----5-_jpg.rf.a5b72e7f9a8809511258c8a8cd8da0e1.jpg","annotations":[{"label":"Glasses","coordinates":{"x":161.5,"y":40.5,"width":99,"height":81}},{"label":"Glasses","coordinates":{"x":316.5,"y":27,"width":127,"height":54}},{"label":"Glasses","coordinates":{"x":161.5,"y":382.5,"width":99,"height":41}},{"label":"Glasses","coordinates":{"x":13.5,"y":371,"width":27,"height":88}},{"label":"Glasses","coordinates":{"x":239.5,"y":324,"width":55,"height":112}}]},{"image":"images--19-_jpg.rf.b1e147aceed2b9fdb208d4823e99edb3.jpg","annotations":[{"label":"Glasses","coordinates":{"x":52,"y":106,"width":104,"height":70}},{"label":"Glasses","coordinates":{"x":308,"y":122.5,"width":78,"height":109}},{"label":"Glasses","coordinates":{"x":339.5,"y":231.5,"width":121,"height":46.5}}]},{"image":"images--5-_jpg.rf.b46460e4d8168b46e6a4ac8e03b51ae4.jpg","annotations":[{"label":"Glasses","coordinates":{"x":176,"y":196,"width":20,"height":60}},{"label":"Glasses","coordinates":{"x":250.5,"y":208.5,"width":129,"height":79}},{"label":"Glasses","coordinates":{"x":305.5,"y":98,"width":161,"height":133.5}},{"label":"Glasses","coordinates":{"x":131,"y":282.5,"width":68,"height":67}},{"label":"Glasses","coordinates":{"x":216,"y":294.5,"width":100,"height":91}},{"label":"Glasses","coordinates":{"x":340.5,"y":281.5,"width":149,"height":65}}]},{"image":"images--4-_jpg.rf.afffc58681b928e90d1c32ae7be2ed23.jpg","annotations":[{"label":"Glasses","coordinates":{"x":145.5,"y":204.5,"width":63,"height":79}},{"label":"Glasses","coordinates":{"x":198.5,"y":33,"width":41,"height":66}},{"label":"Glasses","coordinates":{"x":87,"y":32.5,"width":174,"height":65}},{"label":"glasses","coordinates":{"x":386.5,"y":208,"width":57,"height":72}},{"label":"Glasses","coordinates":{"x":76.5,"y":366,"width":121,"height":77.5}}]},{"image":"images--20-_jpg.rf.a1ad68be0f0b1718f77efb32a2d27dff.jpg","annotations":[{"label":"glasses","coordinates":{"x":73.5,"y":50.5,"width":147,"height":101}},{"label":"Glasses","coordinates":{"x":102.5,"y":218.5,"width":96,"height":116.5}},{"label":"Glasses","coordinates":{"x":357.5,"y":383.5,"width":115,"height":63}},{"label":"Glasses","coordinates":{"x":293,"y":191.5,"width":180,"height":85}}]},{"image":"images--16-_jpg.rf.b271cea6fda1b0b8e45c817eaabf7d8c.jpg","annotations":[{"label":"Glasses","coordinates":{"x":153.5,"y":120.5,"width":118.5,"height":56}},{"label":"Glasses","coordinates":{"x":332.5,"y":36.5,"width":117,"height":73}},{"label":"Glasses","coordinates":{"x":176.5,"y":241,"width":193,"height":66}},{"label":"Glasses","coordinates":{"x":357.5,"y":248,"width":115,"height":80}},{"label":"Glasses","coordinates":{"x":344.5,"y":403.5,"width":141,"height":23}}]},{"image":"----9-_jpg.rf.8b5ef5b16d1bdb06d45fbc9745aa1ef6.jpg","annotations":[{"label":"Glasses","coordinates":{"x":188.5,"y":127,"width":53,"height":42}},{"label":"Glasses","coordinates":{"x":341.5,"y":134,"width":147,"height":28}},{"label":"Glasses","coordinates":{"x":141.5,"y":395,"width":205,"height":40}},{"label":"Glasses","coordinates":{"x":199.5,"y":213.5,"width":89,"height":43}},{"label":"Glasses","coordinates":{"x":367.5,"y":276.5,"width":95,"height":85}}]},{"image":"----8-_jpg.rf.b953fb032de0cb3a50db887a55baa862.jpg","annotations":[{"label":"Glasses","coordinates":{"x":65.5,"y":24,"width":109,"height":48}},{"label":"Glasses","coordinates":{"x":350.5,"y":22.5,"width":129,"height":43}},{"label":"Glasses","coordinates":{"x":60,"y":192,"width":120,"height":60}},{"label":"Glasses","coordinates":{"x":336,"y":279.5,"width":158,"height":83}},{"label":"Glasses","coordinates":{"x":353.5,"y":332,"width":103.5,"height":19.5}},{"label":"Glasses","coordinates":{"x":179,"y":368.5,"width":92,"height":93}}]},{"image":"images--9-_jpg.rf.b72daf01031d05de7b52bad689d9f5c4.jpg","annotations":[{"label":"Glasses","coordinates":{"x":142,"y":22.5,"width":110,"height":45}},{"label":"Glasses","coordinates":{"x":87,"y":127.5,"width":174,"height":15}},{"label":"Glasses","coordinates":{"x":83,"y":339,"width":166,"height":112}},{"label":"Glasses","coordinates":{"x":337.5,"y":145,"width":87,"height":50}},{"label":"Glasses","coordinates":{"x":378.5,"y":409,"width":73,"height":12}}]},{"image":"----1-_jpg.rf.bb2261b645f3cea84f8a2b1891d63b04.jpg","annotations":[{"label":"Glasses","coordinates":{"x":87.5,"y":138.5,"width":155,"height":103}},{"label":"Glasses","coordinates":{"x":257.5,"y":49,"width":75,"height":88}},{"label":"glasses","coordinates":{"x":109.5,"y":344,"width":219,"height":80}},{"label":"Glasses","coordinates":{"x":243,"y":365.5,"width":46,"height":99}},{"label":"Glasses","coordinates":{"x":384,"y":386,"width":62,"height":58}},{"label":"Glasses","coordinates":{"x":243,"y":241.5,"width":46,"height":43}}]},{"image":"images--7-_jpg.rf.be2b1871a249eb9a03732eb0c0b89c84.jpg","annotations":[{"label":"glasses","coordinates":{"x":154.5,"y":74.5,"width":95,"height":55}},{"label":"Glasses","coordinates":{"x":268,"y":61,"width":130,"height":122}},{"label":"Glasses","coordinates":{"x":79.5,"y":334.5,"width":159,"height":105}},{"label":"Glasses","coordinates":{"x":355,"y":351.5,"width":120,"height":85}}]},{"image":"images--2-_jpg.rf.baab44b498ccfd8006e9219cd472a524.jpg","annotations":[{"label":"Glasses","coordinates":{"x":142,"y":107,"width":130,"height":194}},{"label":"Glasses","coordinates":{"x":374.5,"y":207.5,"width":81,"height":71}},{"label":"Glasses","coordinates":{"x":264,"y":233,"width":112,"height":30}},{"label":"Glasses","coordinates":{"x":62,"y":332,"width":124,"height":112}},{"label":"Glasses","coordinates":{"x":377.5,"y":318,"width":75,"height":118}},{"label":"Glasses","coordinates":{"x":241,"y":305,"width":66,"height":96}}]},{"image":"----9-_jpg.rf.a0fd2eed097c3b330b95cb7c57b20cfb.jpg","annotations":[{"label":"Glasses","coordinates":{"x":142,"y":46,"width":54,"height":78}},{"label":"Glasses","coordinates":{"x":375.5,"y":141.5,"width":79,"height":89}},{"label":"Glasses","coordinates":{"x":347.5,"y":37.5,"width":125.5,"height":29}},{"label":"Glasses","coordinates":{"x":81.5,"y":369.5,"width":163,"height":91}},{"label":"Glasses","coordinates":{"x":351,"y":251.5,"width":128,"height":97}},{"label":"Glasses","coordinates":{"x":222.5,"y":285,"width":102.5,"height":109}}]},{"image":"images--7-_jpg.rf.c2e6099a5f75c0384ee58a343ffb44a7.jpg","annotations":[{"label":"Glasses","coordinates":{"x":37,"y":66.5,"width":74,"height":133}},{"label":"Glasses","coordinates":{"x":215.5,"y":46.5,"width":51,"height":93}},{"label":"Glasses","coordinates":{"x":84.5,"y":352.5,"width":169,"height":117}},{"label":"Glasses","coordinates":{"x":257.5,"y":364,"width":47,"height":96}}]},{"image":"images--9-_jpg.rf.bf871779f950c6210f6feaea33d9d275.jpg","annotations":[{"label":"glasses","coordinates":{"x":141,"y":128,"width":106,"height":64}},{"label":"Glasses","coordinates":{"x":304.5,"y":262,"width":133,"height":30}},{"label":"Glasses","coordinates":{"x":289.5,"y":122,"width":102.5,"height":109}}]},{"image":"----9-_jpg.rf.c258f1b7b6c17c278657f2a950265f33.jpg","annotations":[{"label":"Glasses","coordinates":{"x":222.5,"y":17,"width":147,"height":34}},{"label":"Glasses","coordinates":{"x":39.5,"y":364,"width":79,"height":102}},{"label":"Glasses","coordinates":{"x":112.5,"y":162.5,"width":71,"height":167}},{"label":"glasses","coordinates":{"x":367.5,"y":263,"width":95,"height":64}}]},{"image":"images--9-_jpg.rf.cea050bc18082b347517cd34b447ffc8.jpg","annotations":[{"label":"Glasses","coordinates":{"x":59.5,"y":173.5,"width":119,"height":83}},{"label":"Glasses","coordinates":{"x":341,"y":118,"width":148,"height":154}},{"label":"Glasses","coordinates":{"x":7,"y":367.5,"width":14,"height":77}},{"label":"glasses","coordinates":{"x":312.5,"y":315.5,"width":191,"height":89}}]},{"image":"images--4-_jpg.rf.ba1b530de1381243099c6d579d0ac4bb.jpg","annotations":[{"label":"Glasses","coordinates":{"x":120,"y":36,"width":72,"height":72}},{"label":"Glasses","coordinates":{"x":310.5,"y":44.5,"width":139,"height":89}},{"label":"glasses","coordinates":{"x":59.5,"y":357.5,"width":93,"height":72.5}},{"label":"Glasses","coordinates":{"x":377,"y":245.5,"width":76,"height":85}}]},{"image":"images--1-_jpg.rf.b6832a3bdfb0aeb38648feb1ea65243e.jpg","annotations":[{"label":"Glasses","coordinates":{"x":50.5,"y":99.5,"width":101,"height":65}},{"label":"Glasses","coordinates":{"x":230,"y":49,"width":36,"height":98}},{"label":"Glasses","coordinates":{"x":211.5,"y":317.5,"width":73,"height":47}},{"label":"glasses","coordinates":{"x":286,"y":283.5,"width":74,"height":65}}]},{"image":"images--16-_jpg.rf.ba60aa5460035de00f03f0a4402441b5.jpg","annotations":[{"label":"Glasses","coordinates":{"x":45.5,"y":149.5,"width":91,"height":147}},{"label":"glasses","coordinates":{"x":265.5,"y":69.5,"width":93,"height":72.5}},{"label":"Glasses","coordinates":{"x":233,"y":359.5,"width":170,"height":111}}]},{"image":"images--16-_jpg.rf.c83586466ea8d8e86f48d46a4177d89f.jpg","annotations":[{"label":"Glasses","coordinates":{"x":103.5,"y":12.5,"width":119,"height":25}},{"label":"glasses","coordinates":{"x":312.5,"y":113.5,"width":155.5,"height":54.5}},{"label":"Glasses","coordinates":{"x":131,"y":301,"width":126,"height":92}},{"label":"glasses","coordinates":{"x":253.5,"y":243,"width":117,"height":30}}]},{"image":"images--19-_jpg.rf.cf2f20ddc867605466387b247f8da7e4.jpg","annotations":[{"label":"glasses","coordinates":{"x":137.5,"y":130.5,"width":55,"height":91}},{"label":"Glasses","coordinates":{"x":273.5,"y":84,"width":161,"height":133.5}},{"label":"Glasses","coordinates":{"x":242.5,"y":310,"width":51.5,"height":90}},{"label":"Glasses","coordinates":{"x":386,"y":250.5,"width":58,"height":19}}]},{"image":"images--10-_jpg.rf.bcac3d42c8a511869b25de821724065f.jpg","annotations":[{"label":"Glasses","coordinates":{"x":225.5,"y":44,"width":86,"height":68.5}},{"label":"Glasses","coordinates":{"x":35,"y":13.5,"width":70,"height":27}},{"label":"Glasses","coordinates":{"x":376,"y":118.5,"width":78,"height":123}},{"label":"Glasses","coordinates":{"x":83.5,"y":384,"width":167,"height":62}},{"label":"Glasses","coordinates":{"x":335.5,"y":346.5,"width":89,"height":73}}]},{"image":"images--18-_jpg.rf.c98b49b308b82cc9f0f77850b7eb4dc7.jpg","annotations":[{"label":"Glasses","coordinates":{"x":81,"y":213.5,"width":107.5,"height":103}},{"label":"glasses","coordinates":{"x":346,"y":183.5,"width":138,"height":55}},{"label":"Glasses","coordinates":{"x":82.5,"y":323.5,"width":165,"height":49}},{"label":"Glasses","coordinates":{"x":85,"y":391,"width":160,"height":48}},{"label":"Glasses","coordinates":{"x":302.5,"y":386.5,"width":127,"height":57}}]},{"image":"----2-_jpg.rf.d2f45855b9c007c3cc1baae1178322bf.jpg","annotations":[{"label":"Glasses","coordinates":{"x":97.5,"y":197.5,"width":177,"height":89}},{"label":"glasses","coordinates":{"x":351,"y":239.5,"width":94,"height":51}},{"label":"Glasses","coordinates":{"x":149.5,"y":357,"width":51.5,"height":90}},{"label":"glasses","coordinates":{"x":343,"y":394.5,"width":114,"height":41}}]},{"image":"images_jpg.rf.b962325901a24bf72163e323492051ae.jpg","annotations":[{"label":"glasses","coordinates":{"x":97,"y":84,"width":76.5,"height":64}},{"label":"Glasses","coordinates":{"x":323.5,"y":107,"width":183,"height":154}},{"label":"Glasses","coordinates":{"x":365,"y":225.5,"width":100,"height":37}},{"label":"Glasses","coordinates":{"x":23.5,"y":289.5,"width":47,"height":63}}]},{"image":"images_jpg.rf.b7193f9340827fd70400e0de817082ce.jpg","annotations":[{"label":"Glasses","coordinates":{"x":18,"y":353.5,"width":36,"height":123}},{"label":"Glasses","coordinates":{"x":133,"y":304.5,"width":122,"height":101}},{"label":"glasses","coordinates":{"x":378.5,"y":401.5,"width":73,"height":27}}]},{"image":"images--2-_jpg.rf.bf28a53c09ee7cd222e3b1043c43bf5e.jpg","annotations":[{"label":"glasses","coordinates":{"x":318,"y":132.5,"width":72,"height":73}},{"label":"glasses","coordinates":{"x":165.5,"y":259,"width":231,"height":64}},{"label":"Glasses","coordinates":{"x":309.5,"y":370,"width":55,"height":90}}]},{"image":"----7-_jpg.rf.b4cab7476af3b1b825665002aadeba7c.jpg","annotations":[{"label":"Glasses","coordinates":{"x":215,"y":146.5,"width":40,"height":119}},{"label":"Glasses","coordinates":{"x":242.5,"y":374,"width":95,"height":82}},{"label":"Glasses","coordinates":{"x":353,"y":393.5,"width":124,"height":43}}]},{"image":"images--9-_jpg.rf.bf0612c1d4d6dde4c920a0a52f75c882.jpg","annotations":[{"label":"glasses","coordinates":{"x":96,"y":28.5,"width":188,"height":57}},{"label":"Glasses","coordinates":{"x":251,"y":87.5,"width":96,"height":113}},{"label":"Glasses","coordinates":{"x":398,"y":171.5,"width":34,"height":53}},{"label":"Glasses","coordinates":{"x":267.5,"y":171.5,"width":129,"height":53}},{"label":"glasses","coordinates":{"x":101,"y":216,"width":202,"height":34}},{"label":"Glasses","coordinates":{"x":257,"y":237.5,"width":108,"height":77}},{"label":"Glasses","coordinates":{"x":386,"y":333.5,"width":58,"height":69}}]},{"image":"images--6-_jpg.rf.d8cc6ba20be6de9bdc08945942df04a8.jpg","annotations":[{"label":"Glasses","coordinates":{"x":233.5,"y":67.5,"width":93,"height":135}},{"label":"Glasses","coordinates":{"x":378.5,"y":50,"width":73,"height":100}},{"label":"glasses","coordinates":{"x":54.5,"y":367.5,"width":109,"height":83}},{"label":"Glasses","coordinates":{"x":196,"y":366,"width":18,"height":70}},{"label":"Glasses","coordinates":{"x":359,"y":399,"width":82.5,"height":30.5}}]},{"image":"images--4-_jpg.rf.cfb4a5f2650c11b48e7836bc9b4dafe9.jpg","annotations":[{"label":"Glasses","coordinates":{"x":244,"y":153.5,"width":71,"height":79.5}},{"label":"Glasses","coordinates":{"x":102,"y":107,"width":204,"height":172}},{"label":"Glasses","coordinates":{"x":367.5,"y":141,"width":63,"height":106}},{"label":"Glasses","coordinates":{"x":373,"y":18.5,"width":74,"height":37}},{"label":"Glasses","coordinates":{"x":299,"y":256,"width":72,"height":122}},{"label":"Glasses","coordinates":{"x":198,"y":300,"width":126,"height":135}},{"label":"Glasses","coordinates":{"x":375.5,"y":305.5,"width":79,"height":133}}]},{"image":"images--8-_jpg.rf.d6b0f74bf87a4a7ddab5b458208975e0.jpg","annotations":[{"label":"Glasses","coordinates":{"x":216,"y":220.5,"width":90,"height":113}},{"label":"Glasses","coordinates":{"x":338.5,"y":121,"width":153,"height":100}},{"label":"glasses","coordinates":{"x":109,"y":359.5,"width":218,"height":111}},{"label":"Glasses","coordinates":{"x":338.5,"y":386,"width":153,"height":58}}]},{"image":"images--7-_jpg.rf.d86d952fa7383dffda3a6b2634fbeb0d.jpg","annotations":[{"label":"glasses","coordinates":{"x":152,"y":125.5,"width":42,"height":55}},{"label":"Glasses","coordinates":{"x":272,"y":87,"width":142,"height":96.5}},{"label":"Glasses","coordinates":{"x":196,"y":193.5,"width":44,"height":59}}]},{"image":"images--6-_jpg.rf.d6a73ea2e5c4d05e6ac14b333b32d39a.jpg","annotations":[{"label":"Glasses","coordinates":{"x":379,"y":47.5,"width":72,"height":95}},{"label":"Glasses","coordinates":{"x":74,"y":381.5,"width":148,"height":67}},{"label":"Glasses","coordinates":{"x":93,"y":247,"width":186,"height":54}},{"label":"Glasses","coordinates":{"x":302,"y":405.5,"width":158,"height":19}},{"label":"Glasses","coordinates":{"x":358,"y":249,"width":114,"height":58}}]},{"image":"----1-_jpg.rf.d514e00c2bf838a3c5a4e0e154a15677.jpg","annotations":[{"label":"Glasses","coordinates":{"x":34,"y":215.5,"width":68,"height":31}},{"label":"Glasses","coordinates":{"x":51,"y":25.5,"width":102,"height":47}},{"label":"glasses","coordinates":{"x":244,"y":124.5,"width":114,"height":55}},{"label":"Glasses","coordinates":{"x":118,"y":330,"width":136,"height":54}},{"label":"Glasses","coordinates":{"x":326,"y":290,"width":102,"height":116}},{"label":"Glasses","coordinates":{"x":231,"y":277,"width":88,"height":90}}]},{"image":"images--5-_jpg.rf.daeff01b1c8e09baa71d261588e8b7a7.jpg","annotations":[{"label":"glasses","coordinates":{"x":158.5,"y":58,"width":161,"height":67}},{"label":"Glasses","coordinates":{"x":335.5,"y":102.5,"width":131,"height":67}},{"label":"Glasses","coordinates":{"x":225,"y":160,"width":80,"height":46}},{"label":"Glasses","coordinates":{"x":202.5,"y":354,"width":125,"height":106}},{"label":"Glasses","coordinates":{"x":64.5,"y":384.5,"width":129,"height":53}},{"label":"Glasses","coordinates":{"x":340.5,"y":218.5,"width":149,"height":163}}]},{"image":"images--14-_jpg.rf.dfa775d710c579d7dd69e288a9be533b.jpg","annotations":[{"label":"Glasses","coordinates":{"x":8,"y":300,"width":16,"height":108}},{"label":"Glasses","coordinates":{"x":163,"y":312,"width":28,"height":158}},{"label":"Glasses","coordinates":{"x":203,"y":182.5,"width":50,"height":59}},{"label":"Glasses","coordinates":{"x":292.5,"y":181,"width":129,"height":56}},{"label":"Glasses","coordinates":{"x":341,"y":280,"width":148,"height":134}}]},{"image":"images--18-_jpg.rf.e08adacacd81d441e78e07200b774bd4.jpg","annotations":[{"label":"glasses","coordinates":{"x":23,"y":281,"width":46,"height":42}},{"label":"Glasses","coordinates":{"x":349.5,"y":119,"width":131,"height":116}},{"label":"glasses","coordinates":{"x":323,"y":310.5,"width":78,"height":15}}]},{"image":"images--11-_jpg.rf.ba3b4c9f7fb439370c6381765cbeec24.jpg","annotations":[{"label":"glasses","coordinates":{"x":149.5,"y":205.5,"width":195,"height":35}},{"label":"glasses","coordinates":{"x":363.5,"y":206,"width":103,"height":34}},{"label":"Glasses","coordinates":{"x":32,"y":384.5,"width":64,"height":61}},{"label":"Glasses","coordinates":{"x":246,"y":263.5,"width":130,"height":79}},{"label":"Glasses","coordinates":{"x":33.5,"y":236,"width":67,"height":24}},{"label":"glasses","coordinates":{"x":339,"y":369,"width":54,"height":80}}]},{"image":"images--6-_jpg.rf.e03b3d744e87ab6f74b206808ce663fb.jpg","annotations":[{"label":"Glasses","coordinates":{"x":97,"y":70.5,"width":110,"height":141}},{"label":"glasses","coordinates":{"x":261.5,"y":119,"width":157,"height":90}},{"label":"Glasses","coordinates":{"x":398.5,"y":384,"width":33,"height":62}},{"label":"Glasses","coordinates":{"x":226.5,"y":375,"width":87,"height":80}}]},{"image":"images--2-_jpg.rf.e314b6e39eaa09e760eba9ec611cca5d.jpg","annotations":[{"label":"Glasses","coordinates":{"x":55,"y":106.5,"width":110,"height":191}},{"label":"Glasses","coordinates":{"x":233,"y":84.5,"width":122,"height":169}},{"label":"Glasses","coordinates":{"x":387,"y":138.5,"width":56,"height":101}},{"label":"Glasses","coordinates":{"x":60,"y":239.5,"width":102,"height":73}},{"label":"Glasses","coordinates":{"x":188,"y":226.5,"width":154,"height":47}}]},{"image":"images--14-_jpg.rf.e82d153d8af8ccbcc724573a998a919c.jpg","annotations":[{"label":"Glasses","coordinates":{"x":74,"y":72.5,"width":148,"height":87}},{"label":"Glasses","coordinates":{"x":215,"y":184.5,"width":82,"height":103}},{"label":"Glasses","coordinates":{"x":333,"y":197,"width":154,"height":78}},{"label":"Glasses","coordinates":{"x":86.5,"y":370,"width":173,"height":90}},{"label":"Glasses","coordinates":{"x":215.5,"y":273,"width":83,"height":72}}]},{"image":"images--19-_jpg.rf.e4790db7a4a9982139b4d5e1ef08cbe0.jpg","annotations":[{"label":"Glasses","coordinates":{"x":99.5,"y":306.5,"width":89,"height":71}},{"label":"Glasses","coordinates":{"x":385.5,"y":360.5,"width":59,"height":109}},{"label":"Glasses","coordinates":{"x":240,"y":217,"width":190,"height":112}}]},{"image":"images--13-_jpg.rf.e8c9bb1f46f89e4815c1317b4a49a5d2.jpg","annotations":[{"label":"glasses","coordinates":{"x":109,"y":188,"width":96,"height":46}},{"label":"glasses","coordinates":{"x":349,"y":131,"width":96,"height":40}},{"label":"Glasses","coordinates":{"x":54.5,"y":400,"width":109,"height":30}},{"label":"Glasses","coordinates":{"x":32.5,"y":374,"width":65,"height":20}}]},{"image":"images--2-_jpg.rf.e9f5ba295e65ac8f319b6c68bdf4b852.jpg","annotations":[{"label":"glasses","coordinates":{"x":364.5,"y":170.5,"width":101,"height":97}},{"label":"Glasses","coordinates":{"x":193,"y":241.5,"width":52,"height":43}},{"label":"Glasses","coordinates":{"x":336,"y":357,"width":158,"height":116}}]},{"image":"images--6-_jpg.rf.e67129388ce6d5ed4be7b39bdef444d2.jpg","annotations":[{"label":"Glasses","coordinates":{"x":247.5,"y":73.5,"width":171,"height":91}},{"label":"Glasses","coordinates":{"x":114,"y":347,"width":94,"height":100}},{"label":"glasses","coordinates":{"x":360,"y":227,"width":110,"height":68}}]},{"image":"----8-_jpg.rf.e9c15160e24b446a511183a2b18fcb68.jpg","annotations":[{"label":"Glasses","coordinates":{"x":127.5,"y":248.5,"width":129,"height":33}},{"label":"Glasses","coordinates":{"x":178,"y":57,"width":140,"height":114}},{"label":"Glasses","coordinates":{"x":259,"y":73,"width":20,"height":62}},{"label":"Glasses","coordinates":{"x":395.5,"y":50.5,"width":39,"height":101}},{"label":"Glasses","coordinates":{"x":82,"y":376.5,"width":164,"height":77}},{"label":"glasses","coordinates":{"x":326.5,"y":359,"width":155,"height":112}}]},{"image":"----5-_jpg.rf.e526b2e55edb27f5d5a57b60d665d24a.jpg","annotations":[{"label":"Glasses","coordinates":{"x":144,"y":93,"width":58,"height":150}},{"label":"Glasses","coordinates":{"x":20.5,"y":84,"width":41,"height":100}},{"label":"Glasses","coordinates":{"x":284,"y":32.5,"width":204,"height":65}},{"label":"Glasses","coordinates":{"x":331,"y":132.5,"width":110,"height":89}},{"label":"Glasses","coordinates":{"x":94,"y":274,"width":158,"height":168}},{"label":"Glasses","coordinates":{"x":7,"y":259,"width":14,"height":86}},{"label":"Glasses","coordinates":{"x":377.5,"y":287.5,"width":75,"height":87}},{"label":"Glasses","coordinates":{"x":247.5,"y":205.5,"width":147,"height":55}},{"label":"Glasses","coordinates":{"x":189,"y":394.5,"width":30,"height":43}}]},{"image":"images--2-_jpg.rf.f93ad356036313cfa23c308d50cce405.jpg","annotations":[{"label":"Glasses","coordinates":{"x":148.5,"y":50,"width":83,"height":76}},{"label":"Glasses","coordinates":{"x":242.5,"y":75,"width":103,"height":144}},{"label":"Glasses","coordinates":{"x":332.5,"y":40.5,"width":77,"height":81}}]},{"image":"images--16-_jpg.rf.f757a077a08e4918856dbda6bbedb7bf.jpg","annotations":[{"label":"Glasses","coordinates":{"x":150,"y":154,"width":146,"height":106}},{"label":"Glasses","coordinates":{"x":54,"y":227,"width":62,"height":38}},{"label":"Glasses","coordinates":{"x":26.5,"y":403,"width":53,"height":24}},{"label":"Glasses","coordinates":{"x":361.5,"y":282,"width":107,"height":100}}]},{"image":"----10-_jpg.rf.ed171c0f7c9798573656e1eddd3018e8.jpg","annotations":[{"label":"Glasses","coordinates":{"x":90,"y":39,"width":180,"height":78}},{"label":"Glasses","coordinates":{"x":406.5,"y":72,"width":17,"height":144}},{"label":"Glasses","coordinates":{"x":81,"y":272.5,"width":162,"height":129}},{"label":"Glasses","coordinates":{"x":291.5,"y":246,"width":109,"height":146}}]},{"image":"images--14-_jpg.rf.ee842dacda90ba2eb424a0e3dff49172.jpg","annotations":[{"label":"Glasses","coordinates":{"x":182,"y":80,"width":58,"height":30}},{"label":"Glasses","coordinates":{"x":408.5,"y":110.5,"width":13,"height":91}},{"label":"Glasses","coordinates":{"x":34,"y":251,"width":68,"height":80}},{"label":"Glasses","coordinates":{"x":110.5,"y":263,"width":83,"height":56}},{"label":"Glasses","coordinates":{"x":28,"y":351,"width":56,"height":112}},{"label":"glasses","coordinates":{"x":247,"y":221,"width":120,"height":60}}]},{"image":"images--19-_jpg.rf.f5881df367aac8b24e3110ecc9fec4b8.jpg","annotations":[{"label":"Glasses","coordinates":{"x":244.5,"y":100,"width":233,"height":72}},{"label":"Glasses","coordinates":{"x":39,"y":376.5,"width":78,"height":77}},{"label":"Glasses","coordinates":{"x":40,"y":255.5,"width":76,"height":125}},{"label":"Glasses","coordinates":{"x":358.5,"y":403,"width":87,"height":24}},{"label":"Glasses","coordinates":{"x":389,"y":148.5,"width":52,"height":21}}]},{"image":"images--6-_jpg.rf.f85dca6a2e2eb93f8454fcaca1bce5c8.jpg","annotations":[{"label":"glasses","coordinates":{"x":314.5,"y":108.5,"width":201,"height":63}},{"label":"Glasses","coordinates":{"x":39,"y":324,"width":78,"height":100}},{"label":"glasses","coordinates":{"x":224.5,"y":242,"width":183,"height":84}}]},{"image":"images--3-_jpg.rf.ecf6bda94040df56f8c1e58af510a41c.jpg","annotations":[{"label":"Glasses","coordinates":{"x":12.5,"y":154,"width":25,"height":72}},{"label":"Glasses","coordinates":{"x":81,"y":378.5,"width":97,"height":72.5}},{"label":"Glasses","coordinates":{"x":255.5,"y":369.5,"width":27,"height":91}},{"label":"Glasses","coordinates":{"x":304.5,"y":361,"width":69,"height":76}},{"label":"Glasses","coordinates":{"x":388,"y":378,"width":54,"height":74}},{"label":"Glasses","coordinates":{"x":334.5,"y":218.5,"width":53,"height":55}}]},{"image":"images--9-_jpg.rf.f3b3355681ea1e479429553531f98ca0.jpg","annotations":[{"label":"Glasses","coordinates":{"x":25.5,"y":156.5,"width":51,"height":135}},{"label":"Glasses","coordinates":{"x":278,"y":197,"width":124,"height":76}},{"label":"Glasses","coordinates":{"x":388.5,"y":210.5,"width":53,"height":67}},{"label":"Glasses","coordinates":{"x":335.5,"y":41,"width":53,"height":82}},{"label":"Glasses","coordinates":{"x":197.5,"y":301.5,"width":35,"height":87}},{"label":"Glasses","coordinates":{"x":317,"y":377.5,"width":196,"height":75}}]},{"image":"----6-_jpg.rf.faecd5926937522e128b664139cb5fd6.jpg","annotations":[{"label":"Glasses","coordinates":{"x":92,"y":124,"width":184,"height":90}},{"label":"Glasses","coordinates":{"x":315.5,"y":92.5,"width":199,"height":99}},{"label":"Glasses","coordinates":{"x":165,"y":308.5,"width":84,"height":87}},{"label":"glasses","coordinates":{"x":287,"y":401,"width":120,"height":28}}]},{"image":"images--8-_jpg.rf.eaf7d302be927db76fd6f9a6e9457d27.jpg","annotations":[{"label":"Glasses","coordinates":{"x":25,"y":124,"width":50,"height":82}},{"label":"Glasses","coordinates":{"x":184,"y":36.5,"width":112,"height":47}},{"label":"Glasses","coordinates":{"x":61,"y":212,"width":122,"height":84}},{"label":"Glasses","coordinates":{"x":63,"y":343.5,"width":126,"height":83}},{"label":"Glasses","coordinates":{"x":166.5,"y":238.5,"width":77,"height":115}},{"label":"Glasses","coordinates":{"x":168,"y":381.5,"width":80,"height":67}}]},{"image":"----10-_jpg.rf.ee23c6c7f75c59d4e5bc79b3ee484e68.jpg","annotations":[{"label":"Glasses","coordinates":{"x":175,"y":112,"width":204.5,"height":90.5}},{"label":"Glasses","coordinates":{"x":385.5,"y":21.5,"width":59,"height":43}},{"label":"Glasses","coordinates":{"x":69,"y":355,"width":138,"height":120}},{"label":"Glasses","coordinates":{"x":67.5,"y":190,"width":135,"height":58}},{"label":"Glasses","coordinates":{"x":248.5,"y":191.5,"width":65,"height":55}},{"label":"Glasses","coordinates":{"x":310,"y":332,"width":56,"height":158}},{"label":"Glasses","coordinates":{"x":323.5,"y":173,"width":83,"height":30}}]},{"image":"images--7-_jpg.rf.f33751ed57fa8de612730104d888c7f6.jpg","annotations":[{"label":"glasses","coordinates":{"x":169.5,"y":132.5,"width":157,"height":39}},{"label":"Glasses","coordinates":{"x":255,"y":310.5,"width":152,"height":97}},{"label":"Glasses","coordinates":{"x":114.5,"y":275,"width":102.5,"height":109}},{"label":"Glasses","coordinates":{"x":363,"y":187.5,"width":62,"height":69}}]},{"image":"images--10-_jpg.rf.fd1074182cbe7de35162680c6d0e5a48.jpg","annotations":[{"label":"Glasses","coordinates":{"x":138,"y":60,"width":78,"height":120}},{"label":"Glasses","coordinates":{"x":375.5,"y":12,"width":79,"height":24}},{"label":"Glasses","coordinates":{"x":253.5,"y":108,"width":67,"height":72}},{"label":"glasses","coordinates":{"x":138.5,"y":176,"width":161,"height":62}},{"label":"glasses","coordinates":{"x":325,"y":242,"width":180,"height":64}}]},{"image":"----8-_jpg.rf.fcc0ce31fb58ae75032c0f616934b31e.jpg","annotations":[{"label":"Glasses","coordinates":{"x":38,"y":51,"width":76,"height":102}},{"label":"Glasses","coordinates":{"x":300.5,"y":214.5,"width":127,"height":51}},{"label":"Glasses","coordinates":{"x":394.5,"y":32,"width":41,"height":64}},{"label":"Glasses","coordinates":{"x":289,"y":99.5,"width":156.5,"height":82}},{"label":"Glasses","coordinates":{"x":222,"y":295,"width":62,"height":108}}]},{"image":"images--9-_jpg.rf.fcc5dd22dea3d8aa96b93fa54c74e4e7.jpg","annotations":[{"label":"Glasses","coordinates":{"x":117,"y":84.5,"width":62,"height":107}},{"label":"Glasses","coordinates":{"x":164.5,"y":72.5,"width":31,"height":145}},{"label":"Glasses","coordinates":{"x":312,"y":141,"width":66,"height":148}},{"label":"Glasses","coordinates":{"x":77,"y":385,"width":118,"height":60}}]},{"image":"images--19-_jpg.rf.f7455d58134074870c54ebc2aabe81f0.jpg","annotations":[{"label":"glasses","coordinates":{"x":142.5,"y":147,"width":87,"height":60}},{"label":"Glasses","coordinates":{"x":294,"y":30.5,"width":60,"height":61}},{"label":"Glasses","coordinates":{"x":45,"y":298,"width":90,"height":100}},{"label":"Glasses","coordinates":{"x":272,"y":395.5,"width":82,"height":39}}]},{"image":"images--21-_jpg.rf.fd995742690973ca2c0e7db1f2015b55.jpg","annotations":[{"label":"glasses","coordinates":{"x":122,"y":47.5,"width":78,"height":95}},{"label":"Glasses","coordinates":{"x":385.5,"y":67.5,"width":59,"height":101}},{"label":"Glasses","coordinates":{"x":264,"y":58,"width":97,"height":85}},{"label":"glasses","coordinates":{"x":104.5,"y":302.5,"width":113,"height":57}}]},{"image":"images--18-_jpg.rf.ff9c4a374f8eae08cc03017259759177.jpg","annotations":[{"label":"Glasses","coordinates":{"x":88.5,"y":55,"width":177,"height":110}},{"label":"Glasses","coordinates":{"x":246,"y":55,"width":51.5,"height":85}},{"label":"Glasses","coordinates":{"x":28,"y":395,"width":56,"height":40}},{"label":"Glasses","coordinates":{"x":327,"y":264,"width":176,"height":46}}]},{"image":"images--7-_jpg.rf.b7c2c9194038e44aadadecdacf04524e.jpg","annotations":[{"label":"Glasses","coordinates":{"x":56,"y":21.5,"width":110,"height":43}},{"label":"Glasses","coordinates":{"x":275,"y":123,"width":110,"height":108}},{"label":"Glasses","coordinates":{"x":271,"y":221.5,"width":160,"height":87}}]},{"image":"----8-_jpg.rf.e4e3c1a3434552e02475db0af52fd6f8.jpg","annotations":[{"label":"Glasses","coordinates":{"x":58.5,"y":55,"width":117,"height":110}},{"label":"glasses","coordinates":{"x":275.5,"y":106,"width":235,"height":90}},{"label":"Glasses","coordinates":{"x":301,"y":359,"width":228,"height":96}}]},{"image":"images--7-_jpg.rf.fe2bf56fa067ac8cdf99004ed4b37295.jpg","annotations":[{"label":"Glasses","coordinates":{"x":143,"y":48,"width":184.5,"height":57.5}},{"label":"Glasses","coordinates":{"x":371.5,"y":91,"width":87,"height":64}},{"label":"glasses","coordinates":{"x":180,"y":304.5,"width":119.5,"height":82.5}},{"label":"Glasses","coordinates":{"x":283,"y":254.5,"width":42,"height":85}}]}]