[{"image":"WIN_20220930_23_58_20_Pro_jpg.rf.0fbf8596b2250b24572ea0ca2b6cdcb9.jpg","annotations":[{"label":"others","coordinates":{"x":319,"y":208,"width":194,"height":416}},{"label":"amsyar","coordinates":{"x":59,"y":201.5,"width":118,"height":403}}]},{"image":"444883_jpg.rf.0fa83ebdc750c315498e120fbef48d1c.jpg","annotations":[{"label":"others","coordinates":{"x":216,"y":142,"width":399.5,"height":283.5}}]},{"image":"WIN_20220930_15_08_25_Pro_jpg.rf.0c0ef5fb15339e176cfeae6137daef6d.jpg","annotations":[{"label":"amsyar","coordinates":{"x":147,"y":208,"width":294,"height":416}}]},{"image":"3_JPG_jpg.rf.0452bb676d6b7d1d20d48aec691bfac1.jpg","annotations":[{"label":"others","coordinates":{"x":207.5,"y":137,"width":228.5,"height":273.5}}]},{"image":"WIN_20220930_15_08_19_Pro_jpg.rf.01c499e88206967e1eaae177cdb7ef30.jpg","annotations":[{"label":"amsyar","coordinates":{"x":332,"y":182,"width":168,"height":364}},{"label":"others","coordinates":{"x":7,"y":165.5,"width":14,"height":174.5}}]},{"image":"WIN_20220930_15_08_04_Pro_jpg.rf.1af34a0efaa8dfdc1beb04d59e8768e5.jpg","annotations":[{"label":"amsyar","coordinates":{"x":184,"y":192,"width":245.5,"height":383.5}},{"label":"others","coordinates":{"x":406,"y":180,"width":20,"height":160}}]},{"image":"images15_jpg.rf.0a289a42eabf803bcbdbb39ea02c9469.jpg","annotations":[{"label":"others","coordinates":{"x":208,"y":208,"width":416,"height":416}}]},{"image":"images126_jpg.rf.172d298f42323c93b56af7983d33cd68.jpg","annotations":[{"label":"others","coordinates":{"x":254,"y":241,"width":324,"height":350}}]},{"image":"3b0d248c1bb46b3cef5d24768c6e11ea_jpg.rf.0ec3737d17339bdbcaaa48ec0a9ca913.jpg","annotations":[{"label":"others","coordinates":{"x":208,"y":98,"width":416,"height":196}}]},{"image":"images57_jpg.rf.1a03aed0a3b4d14b915a8d1c9c110d89.jpg","annotations":[{"label":"others","coordinates":{"x":201,"y":208,"width":316,"height":416}}]},{"image":"WIN_20220930_23_58_20_Pro_jpg.rf.145dfa97090b6a423b44c325f3f7d55a.jpg","annotations":[{"label":"others","coordinates":{"x":324,"y":208,"width":183.5,"height":416}},{"label":"amsyar","coordinates":{"x":61,"y":217,"width":121.5,"height":397.5}}]},{"image":"WIN_20220930_19_43_37_Pro_jpg.rf.1667aad1279f3f254673b79808ca8238.jpg","annotations":[{"label":"amsyar","coordinates":{"x":221.5,"y":190.5,"width":187.5,"height":320}}]},{"image":"2448d1c98e7811280d8954a8285cd488---Copy_jpg.rf.1afc7b13571a6b664c2815700b8f3f37.jpg","annotations":[{"label":"others","coordinates":{"x":251,"y":262,"width":329.5,"height":307.5}}]},{"image":"038875_jpg.rf.2343aae8a7b3347fc51538c98c8d3532.jpg","annotations":[{"label":"others","coordinates":{"x":233,"y":187,"width":365.5,"height":374}}]},{"image":"287194_jpg.rf.255d8d463f1275f063d91640062c5dc5.jpg","annotations":[{"label":"others","coordinates":{"x":193.5,"y":236.5,"width":387,"height":359}}]},{"image":"images126_jpg.rf.2017e599adbd4408f0087ec5de0aea21.jpg","annotations":[{"label":"others","coordinates":{"x":253.5,"y":177.5,"width":325,"height":355}}]},{"image":"3_JPG_jpg.rf.1b9b67fd9c6b316a19b5d557d6953619.jpg","annotations":[{"label":"others","coordinates":{"x":205,"y":282,"width":229.5,"height":268}}]},{"image":"451179_jpg.rf.1b8bb3ff70105561fe799de4b1fdbf38.jpg","annotations":[{"label":"others","coordinates":{"x":208.5,"y":179,"width":387.5,"height":358}}]},{"image":"WIN_20220929_10_08_30_Pro_jpg.rf.3a1e719c4cefbbc54fa7676d54c15c61.jpg","annotations":[{"label":"amsyar","coordinates":{"x":209,"y":195,"width":150,"height":340.5}},{"label":"others","coordinates":{"x":342,"y":177.5,"width":60.5,"height":171.5}},{"label":"others","coordinates":{"x":44.5,"y":176,"width":43,"height":115}}]},{"image":"115425_jpg.rf.2bc9a4baf81f69eeddd4b4ca2839086a.jpg","annotations":[{"label":"others","coordinates":{"x":191.5,"y":179,"width":383,"height":358}}]},{"image":"WIN_20220930_15_03_57_Pro_jpg.rf.01c36fe97f6175dc05116e3bd480050e.jpg","annotations":[{"label":"amsyar","coordinates":{"x":203,"y":208,"width":226,"height":416}},{"label":"others","coordinates":{"x":409.5,"y":180.5,"width":13,"height":175.5}}]},{"image":"038875_jpg.rf.1e322ec1c18d608c967e83b8d9824297.jpg","annotations":[{"label":"others","coordinates":{"x":233.5,"y":230,"width":365,"height":372}}]},{"image":"WIN_20220929_10_00_43_Pro_jpg.rf.3330ae71635bb51dec605cb0abed91a6.jpg","annotations":[{"label":"amsyar","coordinates":{"x":189,"y":145.5,"width":158,"height":291}}]},{"image":"images15_jpg.rf.29bf8b58f500c9627a91dc6dda0cdeb8.jpg","annotations":[{"label":"others","coordinates":{"x":208,"y":208,"width":416,"height":416}}]},{"image":"WIN_20220930_15_08_25_Pro_jpg.rf.3066350737f5727feb20dc58a1fdcd41.jpg","annotations":[{"label":"amsyar","coordinates":{"x":141.5,"y":208,"width":283,"height":416}}]},{"image":"images117_jpg.rf.25d846fd577892ec010b20e36eeb4f92.jpg","annotations":[{"label":"others","coordinates":{"x":208,"y":208,"width":416,"height":416}}]},{"image":"images77_jpg.rf.2a6e3324b4a599f7883a8fc0c28bb6d8.jpg","annotations":[{"label":"others","coordinates":{"x":213.5,"y":203.5,"width":373.5,"height":407}}]},{"image":"063129_jpg.rf.3c7a782247376bdd874e9b3be03052ae.jpg","annotations":[{"label":"others","coordinates":{"x":208,"y":158,"width":416,"height":316}}]},{"image":"052261_jpg.rf.3f6dc5f97cac34b905875048c30bc5df.jpg","annotations":[{"label":"others","coordinates":{"x":253.5,"y":146.5,"width":263,"height":292.5}}]},{"image":"195093_jpg.rf.3eaf9e01c697526f6ae79b74124e3ec3.jpg","annotations":[{"label":"others","coordinates":{"x":208,"y":208,"width":416,"height":416}}]},{"image":"199218_jpg.rf.3182a4f66274c73df39bb79c2c453a9c.jpg","annotations":[{"label":"others","coordinates":{"x":195,"y":305.5,"width":390,"height":221}}]},{"image":"WIN_20220929_10_05_34_Pro_jpg.rf.260fbfb833f456fc085e4fac5376e0cf.jpg","annotations":[{"label":"amsyar","coordinates":{"x":223,"y":198,"width":204,"height":395.5}},{"label":"others","coordinates":{"x":366,"y":237.5,"width":49,"height":117}}]},{"image":"WIN_20220930_15_08_04_Pro_jpg.rf.459864113dcde730b6f23c3a69d18a79.jpg","annotations":[{"label":"amsyar","coordinates":{"x":182,"y":227,"width":270,"height":378}}]},{"image":"WIN_20220929_10_08_30_Pro_jpg.rf.2ccb589833867259042d52954614a236.jpg","annotations":[{"label":"amsyar","coordinates":{"x":230,"y":234.5,"width":165,"height":362.5}},{"label":"others","coordinates":{"x":376.5,"y":261,"width":67,"height":189.5}},{"label":"others","coordinates":{"x":49,"y":262.5,"width":47,"height":127.5}}]},{"image":"006269_jpg.rf.2a3e3896c7447b0c6503f9676ffe6316.jpg","annotations":[{"label":"others","coordinates":{"x":208,"y":208,"width":416,"height":416}}]},{"image":"070315_jpg.rf.45873f3c3d24abcdbb1983e153bf7fea.jpg","annotations":[{"label":"others","coordinates":{"x":208,"y":208,"width":416,"height":416}}]},{"image":"WIN_20220930_15_04_03_Pro_jpg.rf.486f9ecd43611f12039e85c510cf99a3.jpg","annotations":[{"label":"amsyar","coordinates":{"x":205.5,"y":208,"width":243,"height":416}},{"label":"others","coordinates":{"x":5.5,"y":180.5,"width":11,"height":179}}]},{"image":"068608_jpg.rf.3d02cf08bcf8d5d51f2da062fee7f265.jpg","annotations":[{"label":"others","coordinates":{"x":248,"y":110.5,"width":336,"height":221}}]},{"image":"451179_jpg.rf.460d27b618b160aa8d2dd56669e1fa8c.jpg","annotations":[{"label":"others","coordinates":{"x":202.5,"y":188.5,"width":385,"height":376.5}}]},{"image":"451179_jpg.rf.53524123e9e7e07d5e36456269cd8c8a.jpg","annotations":[{"label":"others","coordinates":{"x":215,"y":235.5,"width":364,"height":361}}]},{"image":"026963_jpg.rf.3fb9ceda712b39c921669b0920cfdd28.jpg","annotations":[{"label":"others","coordinates":{"x":217,"y":208,"width":398,"height":416}}]},{"image":"006269_jpg.rf.4e42549b512c1a216f924d65b17b8d8a.jpg","annotations":[{"label":"others","coordinates":{"x":208,"y":208,"width":416,"height":416}}]},{"image":"0cc8ee038a6b5975fbd08ff89fff371a---Copy_jpg.rf.49ce683a2ff284b9150d8ca1fe192276.jpg","annotations":[{"label":"face","coordinates":{"x":208,"y":208,"width":416,"height":416}}]},{"image":"WIN_20220930_15_04_03_Pro_jpg.rf.57f45904e72d73ced83f6f8663b9762f.jpg","annotations":[{"label":"amsyar","coordinates":{"x":234,"y":208,"width":265,"height":416}},{"label":"others","coordinates":{"x":11,"y":181.5,"width":21.5,"height":194.5}}]},{"image":"260683_jpg.rf.4e6c02d1a4b15f357155d65e9f8fc19d.jpg","annotations":[{"label":"others","coordinates":{"x":233,"y":182.5,"width":366,"height":364.5}}]},{"image":"195093_jpg.rf.51c479441002561c6cdc2a490eb78268.jpg","annotations":[{"label":"others","coordinates":{"x":208,"y":208,"width":416,"height":416}}]},{"image":"063129_jpg.rf.59f0bfe6b4e5a2f11d6ef8da0bb0b10c.jpg","annotations":[{"label":"others","coordinates":{"x":208,"y":262,"width":416,"height":307.5}}]},{"image":"images12_jpg.rf.4b1cc674038aeb7fb0bb30f06901faf5.jpg","annotations":[{"label":"others","coordinates":{"x":208,"y":208,"width":416,"height":416}}]},{"image":"3b0d248c1bb46b3cef5d24768c6e11ea_jpg.rf.20d442d8e75c05eb7c9d0eefc61a4055.jpg","annotations":[{"label":"others","coordinates":{"x":208,"y":106,"width":416,"height":211.5}}]},{"image":"The_female_percept_3249655c_jpg.rf.4e033f98d7fd629c6fe8aa73c6ea1962.jpg","annotations":[{"label":"others","coordinates":{"x":208,"y":208,"width":416,"height":416}}]},{"image":"026963_jpg.rf.43cc08a63ae745914ee625b1d4955f9d.jpg","annotations":[{"label":"others","coordinates":{"x":207.5,"y":208,"width":414.5,"height":416}}]},{"image":"WIN_20220929_10_05_34_Pro_jpg.rf.459c4c66b6775609559eaddec4d67eac.jpg","annotations":[{"label":"amsyar","coordinates":{"x":195.5,"y":200,"width":210,"height":400}},{"label":"others","coordinates":{"x":48,"y":237,"width":50.5,"height":120.5}}]},{"image":"images21_jpg.rf.4c68794cdbb9f61eae8681cbe504e17c.jpg","annotations":[{"label":"others","coordinates":{"x":208,"y":208,"width":416,"height":416}}]},{"image":"WIN_20220930_15_08_15_Pro_jpg.rf.6368aa372e46ff563546a3be217f83b9.jpg","annotations":[{"label":"amsyar","coordinates":{"x":94.5,"y":194,"width":189,"height":388}}]},{"image":"WIN_20220930_15_08_29_Pro_jpg.rf.5de708c712589b1a81c524bdd538a594.jpg","annotations":[{"label":"amsyar","coordinates":{"x":291.5,"y":208,"width":249,"height":416}},{"label":"others","coordinates":{"x":14.5,"y":189,"width":29,"height":160}}]},{"image":"images15_jpg.rf.46787dbb0c3f5058e5a79086d87f3270.jpg","annotations":[{"label":"others","coordinates":{"x":208,"y":208,"width":416,"height":416}}]},{"image":"WIN_20220930_19_43_25_Pro_jpg.rf.5b0651965fa185cb76b3d99f2f2cdfbb.jpg","annotations":[{"label":"amsyar","coordinates":{"x":199,"y":208,"width":295.5,"height":416}}]},{"image":"WIN_20220929_10_08_30_Pro_jpg.rf.5f3d845e59fb959c772ac2f74ace9614.jpg","annotations":[{"label":"amsyar","coordinates":{"x":217,"y":210.5,"width":156,"height":354.5}},{"label":"others","coordinates":{"x":354.5,"y":228.5,"width":63,"height":178.5}},{"label":"others","coordinates":{"x":45.5,"y":230,"width":44.5,"height":120}}]},{"image":"images57_jpg.rf.65ec0ce1d8982d4c0719e087642aa9b9.jpg","annotations":[{"label":"others","coordinates":{"x":233.5,"y":208,"width":343,"height":416}}]},{"image":"WIN_20220930_15_05_01_Pro_jpg.rf.51cc9b9ed0107b88c016ce5b7708d11d.jpg","annotations":[{"label":"amsyar","coordinates":{"x":181.5,"y":205.5,"width":233.5,"height":411}},{"label":"others","coordinates":{"x":44,"y":187.5,"width":45,"height":120}},{"label":"others","coordinates":{"x":14,"y":189.5,"width":28,"height":97}}]},{"image":"WIN_20220930_15_08_04_Pro_jpg.rf.602fa65b3ae8fd845e0e85c970523c75.jpg","annotations":[{"label":"amsyar","coordinates":{"x":168,"y":213.5,"width":270,"height":405}},{"label":"others","coordinates":{"x":409,"y":234.5,"width":14,"height":176.5}}]},{"image":"052261_jpg.rf.6234423d0f2bf9fc8aa4ca44c8b10069.jpg","annotations":[{"label":"others","coordinates":{"x":241.5,"y":139.5,"width":242.5,"height":279}}]},{"image":"WIN_20220930_15_08_15_Pro_jpg.rf.6bd22deadbdbc34ab5a34aecc245fbe0.jpg","annotations":[{"label":"amsyar","coordinates":{"x":331,"y":191.5,"width":170,"height":383}}]},{"image":"The-representative-male-face-for-heart-oval-round-square-face-shapes-The-heart-face_jpg.rf.65518c6f70b5a7db020d1f0748129c8d.jpg","annotations":[{"label":"others","coordinates":{"x":48,"y":297,"width":96,"height":238}},{"label":"others","coordinates":{"x":274.5,"y":364.5,"width":283,"height":103}},{"label":"others","coordinates":{"x":127.5,"y":79.5,"width":255,"height":158.5}},{"label":"others","coordinates":{"x":351,"y":152.5,"width":128,"height":305}}]},{"image":"WIN_20220929_10_13_43_Pro_jpg.rf.5d3b16d4f4000afd23a7843ff655e247.jpg","annotations":[{"label":"amsyar","coordinates":{"x":221.5,"y":292,"width":146,"height":248}},{"label":"others","coordinates":{"x":66.5,"y":250.5,"width":62,"height":165}}]},{"image":"images31_jpg.rf.5d9c95bcc78a65b57ecc07b54fc2914d.jpg","annotations":[{"label":"others","coordinates":{"x":65.5,"y":208,"width":130.5,"height":416}},{"label":"others","coordinates":{"x":317.5,"y":208,"width":197,"height":416}}]},{"image":"bts_member_jin_declared_worlds_most_perfect_male_face_main---Copy_jpg.rf.620c44f236ff51491ba6f6c6442c6a69.jpg","annotations":[{"label":"others","coordinates":{"x":235,"y":188,"width":362,"height":376}}]},{"image":"3b0d248c1bb46b3cef5d24768c6e11ea_jpg.rf.69b1a8014d15c82926acc14a757ac9a6.jpg","annotations":[{"label":"others","coordinates":{"x":208,"y":110,"width":416,"height":219.5}}]},{"image":"WIN_20220930_15_08_19_Pro_jpg.rf.68a11319e9d3bb48d78685772d6e7c60.jpg","annotations":[{"label":"amsyar","coordinates":{"x":336.5,"y":225.5,"width":159,"height":381}},{"label":"others","coordinates":{"x":10.5,"y":235,"width":21,"height":175.5}}]},{"image":"1024x681_0xac120003_7202495331615824311_jpg.rf.6a3768bbea2c121fe573a45c3a8fa9f9.jpg","annotations":[{"label":"others","coordinates":{"x":212,"y":196.5,"width":395.5,"height":393}}]},{"image":"287194_jpg.rf.6e7dd40e9328833039105ddcdc206550.jpg","annotations":[{"label":"others","coordinates":{"x":222,"y":218.5,"width":388,"height":395}}]},{"image":"260683_jpg.rf.64d7deb0d7b77b3f714fa407ef27c49e.jpg","annotations":[{"label":"others","coordinates":{"x":231.5,"y":234,"width":369,"height":364}}]},{"image":"054376_jpg.rf.702b4c0339775fccc87a908df7b51049.jpg","annotations":[{"label":"others","coordinates":{"x":226.5,"y":77,"width":238.5,"height":154}}]},{"image":"030534_jpg.rf.703b1c1e36112638fe05968a0d37fd8b.jpg","annotations":[{"label":"others","coordinates":{"x":323,"y":269,"width":186,"height":216.5}}]},{"image":"WIN_20220930_19_43_38_Pro_jpg.rf.7e46ef64bae0fcc74613dcf4cd63e115.jpg","annotations":[{"label":"amsyar","coordinates":{"x":224,"y":241,"width":184,"height":332.5}}]},{"image":"1024x681_0xac120003_7202495331615824311_jpg.rf.70cc358a450946a760d700d516c5422e.jpg","annotations":[{"label":"others","coordinates":{"x":213.5,"y":194.5,"width":393,"height":389}}]},{"image":"bts_member_jin_declared_worlds_most_perfect_male_face_main---Copy_jpg.rf.70f15ab36562c2fe24ac7f0de5bf95da.jpg","annotations":[{"label":"others","coordinates":{"x":179.5,"y":223.5,"width":359,"height":385}}]},{"image":"WIN_20220930_15_03_57_Pro_jpg.rf.6ea2b9b43473ffeff830338211e1ebf7.jpg","annotations":[{"label":"amsyar","coordinates":{"x":201,"y":208,"width":219,"height":416}},{"label":"others","coordinates":{"x":405.5,"y":180,"width":21,"height":169.5}}]},{"image":"1024x681_0xac120003_7202495331615824311_jpg.rf.7516a68a2c4d91bde170415248a329f5.jpg","annotations":[{"label":"others","coordinates":{"x":210.5,"y":224.5,"width":384,"height":382.5}}]},{"image":"026963_jpg.rf.7ed85e6eeade7619f3d133e91637efd0.jpg","annotations":[{"label":"others","coordinates":{"x":218,"y":208,"width":395.5,"height":416}}]},{"image":"WIN_20220930_15_08_21_Pro_jpg.rf.7c6c10c82c31e28ad9683ec3eb62826d.jpg","annotations":[{"label":"amsyar","coordinates":{"x":203,"y":270,"width":144.5,"height":291.5}},{"label":"others","coordinates":{"x":395.5,"y":232.5,"width":40.5,"height":158}}]},{"image":"0cc8ee038a6b5975fbd08ff89fff371a---Copy_jpg.rf.7b5a03ba390df9b3ec91c18554647169.jpg","annotations":[{"label":"face","coordinates":{"x":208,"y":208,"width":416,"height":416}}]},{"image":"3_JPG_jpg.rf.7635b677416933bb596f59c9a1d89638.jpg","annotations":[{"label":"others","coordinates":{"x":205,"y":284.5,"width":243.5,"height":263}}]},{"image":"WIN_20220930_15_05_03_Pro_jpg.rf.8ad33393692591f078d760ddbba79ba6.jpg","annotations":[{"label":"amsyar","coordinates":{"x":201.5,"y":208,"width":279.5,"height":416}},{"label":"others","coordinates":{"x":374,"y":176.5,"width":48,"height":119}},{"label":"others","coordinates":{"x":402,"y":187,"width":28,"height":117.5}}]},{"image":"199218_jpg.rf.77295912945a8e687747daefc3126fd9.jpg","annotations":[{"label":"others","coordinates":{"x":214,"y":114,"width":404,"height":227.5}}]},{"image":"The_female_percept_3249655c_jpg.rf.7db93f50818442dd27157ea30c606395.jpg","annotations":[{"label":"others","coordinates":{"x":208,"y":208,"width":416,"height":416}}]},{"image":"260683_jpg.rf.8384740dd07d1c825c5b497af4600501.jpg","annotations":[{"label":"others","coordinates":{"x":229,"y":182.5,"width":374,"height":365}}]},{"image":"images12_jpg.rf.8ffc982696430d065b6d73b2f1b7cdee.jpg","annotations":[{"label":"others","coordinates":{"x":208,"y":208,"width":416,"height":416}}]},{"image":"images117_jpg.rf.88b5a95b130b0ef464705e0a2456a703.jpg","annotations":[{"label":"others","coordinates":{"x":208,"y":208,"width":416,"height":416}}]},{"image":"WIN_20220930_19_43_28_Pro_jpg.rf.9bef00fc67bf46e8b9a2e02a77a82aaf.jpg","annotations":[{"label":"amsyar","coordinates":{"x":358,"y":208,"width":115.5,"height":416}}]},{"image":"0cc8ee038a6b5975fbd08ff89fff371a---Copy_jpg.rf.97eebb7791b1c6bd9cfc44ccdbaf5825.jpg","annotations":[{"label":"face","coordinates":{"x":208,"y":208,"width":416,"height":416}}]},{"image":"WIN_20220930_15_08_13_Pro_jpg.rf.9c2bd3678ae4c0d53067861b215dfe86.jpg","annotations":[{"label":"amsyar","coordinates":{"x":235,"y":208,"width":228,"height":416}},{"label":"others","coordinates":{"x":12,"y":174,"width":23.5,"height":164.5}}]},{"image":"WIN_20220930_23_58_16_Pro_jpg.rf.8ddcfd9f7e680e7fc3cc8aba8d4031c1.jpg","annotations":[{"label":"others","coordinates":{"x":302.5,"y":219,"width":217.5,"height":394}}]},{"image":"444883_jpg.rf.75560d169be655f70ffcafc58ddc45e3.jpg","annotations":[{"label":"others","coordinates":{"x":201,"y":151.5,"width":402,"height":302.5}}]},{"image":"WIN_20220929_10_00_43_Pro_jpg.rf.72229aa00de402409a1426e118642ad0.jpg","annotations":[{"label":"amsyar","coordinates":{"x":230.5,"y":265,"width":164,"height":302}}]},{"image":"WIN_20220930_19_43_38_Pro_jpg.rf.8b1386f648bff18d654920fba1583b78.jpg","annotations":[{"label":"amsyar","coordinates":{"x":210,"y":246.5,"width":196,"height":339}}]},{"image":"images77_jpg.rf.a6506ef548192665a0b5e4388512a0b2.jpg","annotations":[{"label":"others","coordinates":{"x":197.5,"y":198,"width":365,"height":396}}]},{"image":"070315_jpg.rf.a06c8617541c108ce8dafc25b19e7b30.jpg","annotations":[{"label":"others","coordinates":{"x":208,"y":208,"width":416,"height":416}}]},{"image":"images117_jpg.rf.a4eb599cb610a369b8d4fd390c4a2318.jpg","annotations":[{"label":"others","coordinates":{"x":208,"y":208,"width":416,"height":416}}]},{"image":"WIN_20220930_15_08_29_Pro_jpg.rf.95de5c154dbedc01f1405da0abc04a13.jpg","annotations":[{"label":"amsyar","coordinates":{"x":296,"y":208,"width":240,"height":416}},{"label":"others","coordinates":{"x":14,"y":222,"width":28,"height":171.5}}]},{"image":"WIN_20220930_19_43_38_Pro_jpg.rf.8ade08e1ef3dca40b809027d73a93367.jpg","annotations":[{"label":"amsyar","coordinates":{"x":216,"y":250.5,"width":202,"height":331}}]},{"image":"199218_jpg.rf.abd2ae01e3e9b39647b53aa0d1d64d77.jpg","annotations":[{"label":"others","coordinates":{"x":223,"y":298.5,"width":381.5,"height":235}}]},{"image":"bts_member_jin_declared_worlds_most_perfect_male_face_main---Copy_jpg.rf.a9abf6cdc0cf7c842abc9db2efd22f5a.jpg","annotations":[{"label":"others","coordinates":{"x":168,"y":208,"width":336,"height":416}}]},{"image":"030534_jpg.rf.a0edbef9f8f3922de8526dea38e1efa5.jpg","annotations":[{"label":"others","coordinates":{"x":84,"y":282,"width":168,"height":226}}]},{"image":"images21_jpg.rf.9c68e5e6b16d9a4a9de8943b781a733b.jpg","annotations":[{"label":"others","coordinates":{"x":208,"y":208,"width":416,"height":416}}]},{"image":"images12_jpg.rf.b19b7ca3d51eeb1e2790d17417ce9df4.jpg","annotations":[{"label":"others","coordinates":{"x":208,"y":208,"width":416,"height":416}}]},{"image":"images126_jpg.rf.ab6e187c506ca7805ff140bf8c43faa2.jpg","annotations":[{"label":"others","coordinates":{"x":249.5,"y":185.5,"width":333,"height":371}}]},{"image":"WIN_20220930_23_58_16_Pro_jpg.rf.b063969382995e455bed57591020cd66.jpg","annotations":[{"label":"others","coordinates":{"x":117,"y":220.5,"width":211.5,"height":391}}]},{"image":"WIN_20220930_15_08_06_Pro_jpg.rf.a3e2d40e0dd538cd3913653facc039ff.jpg","annotations":[{"label":"amsyar","coordinates":{"x":155.5,"y":207,"width":251,"height":413.5}},{"label":"others","coordinates":{"x":407,"y":189,"width":17.5,"height":147}}]},{"image":"images31_jpg.rf.c3e975d65d6a948253291f4af902fb62.jpg","annotations":[{"label":"others","coordinates":{"x":341.5,"y":208,"width":149,"height":416}},{"label":"others","coordinates":{"x":91.5,"y":208,"width":183,"height":416}}]},{"image":"WIN_20220930_15_08_06_Pro_jpg.rf.b0d502e135126ef9dbbbddab2b4898a6.jpg","annotations":[{"label":"amsyar","coordinates":{"x":246.5,"y":208,"width":254.5,"height":416}}]},{"image":"115425_jpg.rf.b8feb435df34e548015063e91bb41b56.jpg","annotations":[{"label":"others","coordinates":{"x":192,"y":229.5,"width":384,"height":373}}]},{"image":"WIN_20220929_10_05_34_Pro_jpg.rf.b15574250a2b21312ff57d13f775391e.jpg","annotations":[{"label":"amsyar","coordinates":{"x":221.5,"y":211,"width":213.5,"height":409.5}},{"label":"others","coordinates":{"x":371.5,"y":172.5,"width":51.5,"height":122.5}}]},{"image":"052261_jpg.rf.8f26020f66e5bf897e5f7282c3b56378.jpg","annotations":[{"label":"others","coordinates":{"x":177.5,"y":277.5,"width":245,"height":277}}]},{"image":"2448d1c98e7811280d8954a8285cd488---Copy_jpg.rf.c3b2f04f3bc031064ae2f91e5a2607cc.jpg","annotations":[{"label":"others","coordinates":{"x":170.5,"y":258,"width":341,"height":316}}]},{"image":"WIN_20220930_15_08_15_Pro_jpg.rf.baed3cd0ad1ecedac1c62eb9424a0256.jpg","annotations":[{"label":"amsyar","coordinates":{"x":93,"y":192.5,"width":186,"height":384.5}}]},{"image":"bts_member_jin_declared_worlds_most_perfect_male_face_main---Copy_jpg.rf.b6154a3dff2552ddc1e79cf4cfd87a94.jpg","annotations":[{"label":"others","coordinates":{"x":252,"y":211,"width":328,"height":409.5}}]},{"image":"WIN_20220930_15_08_21_Pro_jpg.rf.c2b45ec15d730bda9b261c9d1cfe2fa8.jpg","annotations":[{"label":"amsyar","coordinates":{"x":217.5,"y":147,"width":148.5,"height":294}},{"label":"others","coordinates":{"x":20.5,"y":183,"width":41,"height":162.5}}]},{"image":"068608_jpg.rf.bf1e7836f0c34b458dd83dd604a37b40.jpg","annotations":[{"label":"others","coordinates":{"x":169,"y":309.5,"width":338,"height":213}}]},{"image":"WIN_20220930_19_43_37_Pro_jpg.rf.b81e72757b9eb9c441cca76c4f45ad7a.jpg","annotations":[{"label":"amsyar","coordinates":{"x":193.5,"y":238,"width":190,"height":324}}]},{"image":"The-representative-male-face-for-heart-oval-round-square-face-shapes-The-heart-face_jpg.rf.ac7ae666689f06c28b90d11de8ed2cb5.jpg","annotations":[{"label":"others","coordinates":{"x":57,"y":302,"width":114,"height":228}},{"label":"others","coordinates":{"x":284,"y":372.5,"width":264,"height":87}},{"label":"others","coordinates":{"x":140,"y":84,"width":279.5,"height":167.5}},{"label":"others","coordinates":{"x":364.5,"y":160,"width":103,"height":320}}]},{"image":"195093_jpg.rf.c83a7068d991e26cf5fcc7616e2495c6.jpg","annotations":[{"label":"others","coordinates":{"x":208,"y":208,"width":416,"height":416}}]},{"image":"WIN_20220930_15_03_57_Pro_jpg.rf.cf67790f17bf9cb3a1b339169e2c9dfd.jpg","annotations":[{"label":"amsyar","coordinates":{"x":196.5,"y":208,"width":230,"height":416}},{"label":"others","coordinates":{"x":408,"y":181,"width":16,"height":178.5}}]},{"image":"WIN_20220930_19_43_28_Pro_jpg.rf.beaabfdd95718516bac2317cccad1188.jpg","annotations":[{"label":"amsyar","coordinates":{"x":358.5,"y":208,"width":114.5,"height":416}}]},{"image":"WIN_20220930_23_58_16_Pro_jpg.rf.c5c5e4f533951f0ec26c228b7d6f3bc0.jpg","annotations":[{"label":"others","coordinates":{"x":117,"y":223.5,"width":221.5,"height":384.5}}]},{"image":"WIN_20220930_19_43_25_Pro_jpg.rf.cfa725564145ca66c11599b80f875a18.jpg","annotations":[{"label":"amsyar","coordinates":{"x":220,"y":208,"width":300.5,"height":416}}]},{"image":"070315_jpg.rf.d0f6117ee06ee65a37f6d6d90a0c42f6.jpg","annotations":[{"label":"others","coordinates":{"x":208,"y":208,"width":416,"height":416}}]},{"image":"images77_jpg.rf.b241f5cd1aca07f6bef03fd4ebb808d1.jpg","annotations":[{"label":"others","coordinates":{"x":194.5,"y":219.5,"width":351,"height":393}}]},{"image":"WIN_20220930_15_04_03_Pro_jpg.rf.a134877b4e03bafb8646bcd36e19264e.jpg","annotations":[{"label":"amsyar","coordinates":{"x":197.5,"y":208,"width":243,"height":416}},{"label":"others","coordinates":{"x":404,"y":168.5,"width":24,"height":179}}]},{"image":"images31_jpg.rf.b878946ee6cb0378be22f021c396faf6.jpg","annotations":[{"label":"others","coordinates":{"x":338,"y":208,"width":156,"height":416}},{"label":"others","coordinates":{"x":87,"y":208,"width":174,"height":416}}]},{"image":"bts_member_jin_declared_worlds_most_perfect_male_face_main---Copy_jpg.rf.ce2ec2dea84d91c7e0f92786d7bdea90.jpg","annotations":[{"label":"others","coordinates":{"x":253,"y":220,"width":326,"height":392}}]},{"image":"WIN_20220930_19_43_28_Pro_jpg.rf.ca676516968fd45ebdd8292bd35933bb.jpg","annotations":[{"label":"amsyar","coordinates":{"x":358.5,"y":208,"width":115,"height":416}}]},{"image":"030534_jpg.rf.d45593287d410bcae1d9a2640d40c90c.jpg","annotations":[{"label":"others","coordinates":{"x":328,"y":282,"width":176,"height":227}}]},{"image":"The-representative-male-face-for-heart-oval-round-square-face-shapes-The-heart-face_jpg.rf.d10f346611fc387309f82451109384d8.jpg","annotations":[{"label":"others","coordinates":{"x":51.5,"y":124,"width":103,"height":248}},{"label":"others","coordinates":{"x":277,"y":57.5,"width":278,"height":115}},{"label":"others","coordinates":{"x":129,"y":341.5,"width":258,"height":149}},{"label":"others","coordinates":{"x":353,"y":270,"width":126,"height":292}}]},{"image":"444883_jpg.rf.cb834f12187d6bebd57e11b30c24b282.jpg","annotations":[{"label":"others","coordinates":{"x":216.5,"y":265,"width":399,"height":302}}]},{"image":"WIN_20220930_15_08_19_Pro_jpg.rf.c752465288f1c0247e164948b7b9e06c.jpg","annotations":[{"label":"amsyar","coordinates":{"x":329.5,"y":238.5,"width":173,"height":354.5}}]},{"image":"bts_member_jin_declared_worlds_most_perfect_male_face_main---Copy_jpg.rf.cc80b3f003d2f0baf1cf857f49041524.jpg","annotations":[{"label":"others","coordinates":{"x":187.5,"y":194,"width":373,"height":388}}]},{"image":"115425_jpg.rf.cf579e4598644240d3cd31f90abda004.jpg","annotations":[{"label":"others","coordinates":{"x":225.5,"y":197.5,"width":381,"height":395}}]},{"image":"WIN_20220930_15_08_06_Pro_jpg.rf.da86b1b6b9606f6e37dff3c36ee61709.jpg","annotations":[{"label":"amsyar","coordinates":{"x":259.5,"y":215.5,"width":257,"height":401}},{"label":"others","coordinates":{"x":5.5,"y":244.5,"width":11,"height":150.5}}]},{"image":"063129_jpg.rf.e02a33531d28494028a9aa4f0e227072.jpg","annotations":[{"label":"others","coordinates":{"x":208,"y":259,"width":416,"height":314}}]},{"image":"WIN_20220930_15_08_13_Pro_jpg.rf.ce30db71764e1a9e0ef2291198cd5199.jpg","annotations":[{"label":"amsyar","coordinates":{"x":237.5,"y":207.5,"width":217.5,"height":415}},{"label":"others","coordinates":{"x":18,"y":184.5,"width":36,"height":157}}]},{"image":"images21_jpg.rf.e4c522fa8042ad12d032bf77f5be1b69.jpg","annotations":[{"label":"others","coordinates":{"x":208,"y":208,"width":416,"height":416}}]},{"image":"054376_jpg.rf.e068810a4da5249f6b682049c8897d8c.jpg","annotations":[{"label":"others","coordinates":{"x":182.5,"y":82,"width":272,"height":164}}]},{"image":"images57_jpg.rf.ec90e68ad085e94faf86364f1276d63d.jpg","annotations":[{"label":"others","coordinates":{"x":195.5,"y":208,"width":354.5,"height":416}}]},{"image":"WIN_20220929_10_00_43_Pro_jpg.rf.d6a995d9321d627a898aac3945738466.jpg","annotations":[{"label":"amsyar","coordinates":{"x":235,"y":270,"width":160,"height":292}}]},{"image":"WIN_20220930_15_05_03_Pro_jpg.rf.dacfbebead4e26379d242609453fe681.jpg","annotations":[{"label":"amsyar","coordinates":{"x":195,"y":208,"width":282,"height":416}},{"label":"others","coordinates":{"x":22,"y":187.5,"width":44,"height":121}},{"label":"others","coordinates":{"x":3.5,"y":199.5,"width":7,"height":119}},{"label":"others","coordinates":{"x":406.5,"y":168,"width":18.5,"height":174.5}}]},{"image":"WIN_20220929_10_13_43_Pro_jpg.rf.d7f44da464f4242bbbe81687ebbe1604.jpg","annotations":[{"label":"amsyar","coordinates":{"x":235.5,"y":294.5,"width":150,"height":243}},{"label":"others","coordinates":{"x":77,"y":258,"width":63.5,"height":170}}]},{"image":"WIN_20220930_23_58_20_Pro_jpg.rf.d71c43a57963dbc66d4445f826aa5800.jpg","annotations":[{"label":"others","coordinates":{"x":92,"y":208,"width":184,"height":416}},{"label":"amsyar","coordinates":{"x":355.5,"y":200,"width":121,"height":400}}]},{"image":"WIN_20220930_15_08_21_Pro_jpg.rf.eea2458bfec1b196189a873447eb34a6.jpg","annotations":[{"label":"amsyar","coordinates":{"x":215,"y":268,"width":146,"height":296}},{"label":"others","coordinates":{"x":20.5,"y":229,"width":41,"height":160}}]},{"image":"WIN_20220929_10_13_43_Pro_jpg.rf.e40b07e08948d7849b57b58380d0b34f.jpg","annotations":[{"label":"amsyar","coordinates":{"x":180.5,"y":282,"width":156.5,"height":268}},{"label":"others","coordinates":{"x":346,"y":237,"width":66.5,"height":177.5}}]},{"image":"WIN_20220930_15_05_03_Pro_jpg.rf.f40be281fe8e5a7bf0907399ce08d0dd.jpg","annotations":[{"label":"amsyar","coordinates":{"x":207.5,"y":208,"width":264.5,"height":416}},{"label":"others","coordinates":{"x":371.5,"y":228.5,"width":45.5,"height":112.5}},{"label":"others","coordinates":{"x":400,"y":218.5,"width":32,"height":111}},{"label":"others","coordinates":{"x":9,"y":248,"width":18,"height":163}}]},{"image":"006269_jpg.rf.f9038d978e9c2bca10e77c689939419e.jpg","annotations":[{"label":"others","coordinates":{"x":208,"y":208,"width":416,"height":416}}]},{"image":"WIN_20220930_15_05_01_Pro_jpg.rf.f844f490d16972e977e8f5dec15a0398.jpg","annotations":[{"label":"amsyar","coordinates":{"x":241.5,"y":213,"width":221,"height":405.5}},{"label":"others","coordinates":{"x":371.5,"y":221.5,"width":42.5,"height":113.5}},{"label":"others","coordinates":{"x":401.5,"y":219,"width":29,"height":92}},{"label":"others","coordinates":{"x":10,"y":241,"width":19.5,"height":159}}]},{"image":"The_female_percept_3249655c_jpg.rf.f5af9f47bb4ae52487e94d0376716fc6.jpg","annotations":[{"label":"others","coordinates":{"x":208,"y":208,"width":416,"height":416}}]},{"image":"WIN_20220930_19_43_37_Pro_jpg.rf.f6b5ec2886347907309f460e08a431e4.jpg","annotations":[{"label":"amsyar","coordinates":{"x":199.5,"y":232,"width":200,"height":342}}]},{"image":"WIN_20220930_15_08_25_Pro_jpg.rf.eacf95a5f7f24b72b58f24ef0272f19b.jpg","annotations":[{"label":"amsyar","coordinates":{"x":271,"y":208,"width":290,"height":416}}]},{"image":"038875_jpg.rf.e6262312ed40672ee00caac4dba4653c.jpg","annotations":[{"label":"others","coordinates":{"x":193.5,"y":205.5,"width":387,"height":410.5}}]},{"image":"2448d1c98e7811280d8954a8285cd488---Copy_jpg.rf.d334a75a5a6d52e22360a0374ac27370.jpg","annotations":[{"label":"others","coordinates":{"x":252.5,"y":271.5,"width":326.5,"height":288.5}}]},{"image":"WIN_20220930_15_08_29_Pro_jpg.rf.e661aefca31e23a884789301fc70cf40.jpg","annotations":[{"label":"amsyar","coordinates":{"x":131,"y":208,"width":262,"height":416}},{"label":"others","coordinates":{"x":410,"y":182.5,"width":11.5,"height":165.5}}]},{"image":"WIN_20220930_19_43_25_Pro_jpg.rf.fbcccc90c9d3674adbfa93a96debf52d.jpg","annotations":[{"label":"amsyar","coordinates":{"x":186,"y":208,"width":323,"height":416}}]},{"image":"WIN_20220930_15_08_13_Pro_jpg.rf.f8afafcbdc6ff5f219a60cfc084977fb.jpg","annotations":[{"label":"amsyar","coordinates":{"x":236.5,"y":208,"width":230.5,"height":416}},{"label":"others","coordinates":{"x":11.5,"y":176.5,"width":23,"height":165.5}}]},{"image":"WIN_20220930_15_05_01_Pro_jpg.rf.fdb7b065d773807c7d0343942a424d03.jpg","annotations":[{"label":"amsyar","coordinates":{"x":168.5,"y":208,"width":243.5,"height":416}},{"label":"others","coordinates":{"x":25,"y":199.5,"width":47,"height":125.5}},{"label":"others","coordinates":{"x":4.5,"y":202,"width":8.5,"height":101.5}}]},{"image":"054376_jpg.rf.fe1016ba26f2c556c8c2bc8a94df7791.jpg","annotations":[{"label":"others","coordinates":{"x":232,"y":339,"width":245.5,"height":154}}]},{"image":"287194_jpg.rf.d8e1a8d9fedddb8c1f231cd7e63fbdfe.jpg","annotations":[{"label":"others","coordinates":{"x":206.5,"y":240,"width":413,"height":352}}]},{"image":"068608_jpg.rf.fdbd3d020d77c84d0ccabf85fe721401.jpg","annotations":[{"label":"others","coordinates":{"x":239.5,"y":102,"width":353,"height":204}}]}]